analysis_fs_hz,fold,subject,scenario,channel,window,evaluation,reference_rmssd_ms,predicted_rmssd_ms,reference_hr_bpm,predicted_hr_bpm,accepted_fraction,successive_pairs_n,quality_gate,sqi,sqi_spectral,sqi_hr_agreement,sqi_coverage,sqi_prominence,sqi_concentration_raw,sqi_gate_065,sqi_gate_075,rmssd30,rmssd60,hr30,hr60,base30,base60,sqi30,sqi60,cross_fs_consistent,gate_sqi065_consistency,gate_sqi075_consistency
60.000000000,0,subject3,sit,ir,0,grouped_stable,36.177666169,25.895802496,87.591240876,87.526324479,1.000000000,85,True,0.935786793,1.000000000,0.980676936,0.988636364,0.773833872,0.824812246,True,True,25.978392267,25.895802496,87.522835257,87.526324479,True,True,0.889596655,0.935786793,True,True,True
60.000000000,0,subject3,sit,red,0,grouped_stable,36.177666169,26.130746645,87.591240876,87.309770463,1.000000000,85,True,0.904861016,1.000000000,0.882231130,0.988636364,0.748576569,0.803204542,True,True,24.605258601,26.130746645,87.261153335,87.309770463,True,True,0.889992593,0.904861016,True,True,True
60.000000000,0,subject3,sit,ir,1,grouped_stable,40.094824313,32.860066504,79.734219269,79.805350602,1.000000000,78,True,0.961520042,1.000000000,1.000000000,1.000000000,0.846080170,0.828144394,True,True,34.270714515,32.860066504,80.447135676,79.805350602,True,True,0.91275597,0.961520042,True,True,True
60.000000000,0,subject3,sit,red,1,grouped_stable,40.094824313,32.989036600,79.734219269,79.967352451,1.000000000,78,True,0.953330405,1.000000000,1.000000000,1.000000000,0.813321621,0.820800585,True,True,32.918128301,32.9890366,79.986747724,79.967352451,True,True,0.912846853,0.953330405,True,True,True
60.000000000,0,subject3,sit,ir,2,grouped_stable,41.032507438,37.572358709,77.170418006,76.800164735,1.000000000,74,True,0.885874965,1.000000000,0.868988374,0.974358974,0.700152512,0.689570682,True,True,37.820716072,37.572358709,76.991178611,76.800164735,True,True,0.839378149,0.885874965,True,True,True
60.000000000,0,subject3,sit,red,2,grouped_stable,41.032507438,38.406316239,77.170418006,77.183214150,1.000000000,74,True,0.885252561,1.000000000,0.868988374,0.974358974,0.697662896,0.689171491,True,True,39.626756033,38.406316239,76.557202319,77.18321415,True,True,0.844308681,0.885252561,True,True,True
60.000000000,0,subject3,sit,ir,3,grouped_stable,37.388388121,30.353959543,85.106382979,84.644124528,1.000000000,82,True,0.926108504,1.000000000,0.971832875,0.976744186,0.755856953,0.811874212,True,True,30.135561998,30.353959543,84.627011122,84.644124528,True,True,0.921646812,0.926108504,True,True,True
60.000000000,0,subject3,sit,red,3,grouped_stable,37.388388121,31.314250810,85.106382979,85.245600060,0.975903614,79,True,0.878148714,1.000000000,0.796198321,0.976744186,0.739652350,0.800267358,True,True,31.078140959,31.31425081,85.230379137,85.24560006,True,True,0.92391942,0.878148714,True,True,True
60.000000000,0,subject3,sit,ir,4,grouped_stable,30.613761300,25.176360798,85.106382979,84.101233110,1.000000000,82,True,0.882401885,1.000000000,0.841900853,0.976190476,0.711516212,0.846481068,True,True,25.181736928,25.176360798,84.132955748,84.10123311,True,True,0.847617335,0.882401885,True,True,True
60.000000000,0,subject3,sit,red,4,grouped_stable,30.613761300,25.183256164,85.106382979,83.933879440,1.000000000,82,True,0.928852880,1.000000000,0.972478826,1.000000000,0.742932693,0.846828642,True,True,25.158980511,25.183256164,83.92424402,83.93387944,True,True,0.89611419,0.92885288,True,True,True
60.000000000,0,subject3,sleep,ir,0,grouped_stable,42.114708222,36.940852237,75.471698113,75.089885928,1.000000000,72,True,0.906748849,1.000000000,0.904837418,1.000000000,0.722157978,0.782705117,True,True,36.669444656,36.940852237,75.089299841,75.089885928,True,True,0.905744359,0.906748849,True,True,True
60.000000000,0,subject3,sleep,red,0,grouped_stable,42.114708222,38.557219430,75.471698113,75.301161268,0.972972973,70,True,0.886346891,1.000000000,0.904837418,0.986666667,0.653883479,0.626965385,True,True,39.110097141,38.55721943,75.286353107,75.301161268,True,True,0.887795991,0.886346891,True,True,True
60.000000000,0,subject3,sleep,ir,1,grouped_stable,44.769943334,38.950313004,70.381231672,70.422257621,1.000000000,68,True,0.854286906,1.000000000,0.771959239,0.971428571,0.673759814,0.797149257,True,True,39.016031893,38.950313004,70.402102646,70.422257621,True,True,0.882576326,0.854286906,True,True,True
60.000000000,0,subject3,sleep,red,1,grouped_stable,44.769943334,39.532363026,70.381231672,70.599878409,1.000000000,68,True,0.849904138,1.000000000,0.771959239,0.971428571,0.656228742,0.784657279,True,True,39.529123222,39.532363026,70.597937986,70.599878409,True,True,0.877336838,0.849904138,True,True,True
60.000000000,0,subject3,sleep,ir,2,grouped_stable,40.524727280,37.210540973,71.856287425,72.264007251,1.000000000,70,True,0.905261312,1.000000000,1.000000000,1.000000000,0.621045249,0.810944328,True,True,37.857298944,37.210540973,72.258922401,72.264007251,True,True,0.907329339,0.905261312,True,True,True
60.000000000,0,subject3,sleep,red,2,grouped_stable,40.524727280,43.255863751,71.856287425,72.356619917,1.000000000,69,True,0.918278192,1.000000000,1.000000000,0.986111111,0.687001658,0.770207792,True,True,43.1414408,43.255863751,72.071860627,72.356619917,True,True,0.91754837,0.918278192,True,True,True
60.000000000,0,subject3,sleep,ir,3,grouped_stable,24.214946549,36.919485822,78.947368421,79.015670105,0.986842105,73,True,0.819615223,1.000000000,0.840369970,0.962500000,0.475590923,0.625483365,True,True,35.533991961,36.919485822,79.025222698,79.015670105,True,True,0.819852873,0.819615223,True,True,True
60.000000000,0,subject3,sleep,red,3,grouped_stable,24.214946549,,78.947368421,,0.326086957,13,False,0.605074734,0.442162465,0.489541660,0.940000000,0.548594813,0.348973109,False,False,,,,,False,False,0.506562178,0.605074734,False,False,False
60.000000000,0,subject3,sleep,ir,4,grouped_stable,28.826826317,31.804508412,72.727272727,72.761991780,1.000000000,70,True,0.925007831,1.000000000,1.000000000,1.000000000,0.700031324,0.781948623,True,True,32.573746329,31.804508412,72.727322888,72.76199178,True,True,0.924748673,0.925007831,True,True,True
60.000000000,0,subject3,sleep,red,4,grouped_stable,28.826826317,31.267894523,72.727272727,72.740187602,0.915492958,61,True,0.932895483,1.000000000,1.000000000,1.000000000,0.731581931,0.643274692,True,True,33.152697958,31.267894523,72.711953932,72.740187602,True,True,0.932704674,0.932895483,True,True,True
60.000000000,0,subject9,sit,ir,0,grouped_stable,36.693712969,59.410064714,71.005917160,70.780097848,1.000000000,69,True,0.883507528,1.000000000,0.942873144,0.985915493,0.605241475,0.841405796,True,True,39.031344458,59.410064714,71.031457781,70.780097848,True,True,0.864137689,0.883507528,False,False,False
60.000000000,0,subject9,sit,red,0,grouped_stable,36.693712969,42.182373078,71.005917160,71.121619068,1.000000000,70,True,0.900104871,1.000000000,0.942873144,0.972222222,0.685324118,0.820718130,True,True,42.59914119,42.182373078,71.099891765,71.121619068,True,True,0.866513396,0.900104871,True,True,True
60.000000000,0,subject9,sit,ir,1,grouped_stable,23.669409876,27.801157272,85.106382979,85.741308884,1.000000000,82,True,0.910633272,1.000000000,0.971832875,0.976744186,0.693956028,0.667754476,True,True,27.37098791,27.801157272,85.799858954,85.741308884,True,True,0.911154164,0.910633272,True,True,True
60.000000000,0,subject9,sit,red,1,grouped_stable,23.669409876,31.241634356,85.106382979,86.462414453,0.930232558,76,True,0.868237700,0.919571475,0.971832875,0.988505747,0.593040701,0.563807164,True,True,31.873804375,31.241634356,86.142472182,86.462414453,True,True,0.86866287,0.8682377,True,True,True
60.000000000,0,subject9,sit,ir,2,grouped_stable,31.199959936,36.148775676,82.191780822,82.425574042,1.000000000,78,True,0.894786844,1.000000000,0.981982474,0.975609756,0.621555147,0.662422463,True,True,36.069546799,36.148775676,82.414983892,82.425574042,True,True,0.889928736,0.894786844,True,True,True
60.000000000,0,subject9,sit,red,2,grouped_stable,31.199959936,36.235791426,82.191780822,82.359644364,1.000000000,78,True,0.894439916,1.000000000,0.981982474,0.975609756,0.620167435,0.652991809,True,True,36.238603442,36.235791426,82.395625392,82.359644364,True,True,0.891324193,0.894439916,True,True,True
60.000000000,0,subject9,sit,ir,3,grouped_stable,21.737775052,21.635003920,81.911262799,82.033370652,1.000000000,80,True,0.946994104,1.000000000,0.981982474,1.000000000,0.805993943,0.852538157,True,True,21.886292122,21.63500392,82.031130546,82.033370652,True,True,0.947595072,0.946994104,True,True,True
60.000000000,0,subject9,sit,red,3,grouped_stable,21.737775052,21.591879201,81.911262799,82.109732779,1.000000000,80,True,0.949321631,1.000000000,0.981982474,1.000000000,0.815304050,0.850548916,True,True,21.900568874,21.591879201,82.126550938,82.109732779,True,True,0.948317397,0.949321631,True,True,True
60.000000000,0,subject9,sit,ir,4,grouped_stable,25.123153455,23.660714179,82.191780822,81.949473291,1.000000000,80,True,0.949471594,1.000000000,0.981982474,1.000000000,0.815903902,0.812920448,True,True,23.978138706,23.660714179,81.938907284,81.949473291,True,True,0.949230708,0.949471594,True,True,True
60.000000000,0,subject9,sit,red,4,grouped_stable,25.123153455,24.219167672,82.191780822,81.874943915,1.000000000,80,True,0.948378485,1.000000000,0.981982474,1.000000000,0.811531465,0.799021587,True,True,24.78253481,24.219167672,81.90091707,81.874943915,True,True,0.948177819,0.948378485,True,True,True
60.000000000,0,subject9,sleep,ir,0,grouped_stable,34.908042463,33.325749097,69.767441860,69.924734282,1.000000000,69,True,0.899512359,1.000000000,0.884195645,0.957746479,0.756107312,0.813657249,True,True,33.344681428,33.325749097,69.898782393,69.924734282,True,True,0.898136731,0.899512359,True,True,True
60.000000000,0,subject9,sleep,red,0,grouped_stable,34.908042463,40.772338438,69.767441860,69.499075134,1.000000000,69,True,0.884930534,1.000000000,0.884195645,0.957746479,0.697780013,0.801659981,True,True,32.722977622,40.772338438,69.940024851,69.499075134,True,True,0.894248232,0.884930534,False,False,False
60.000000000,0,subject9,sleep,ir,1,grouped_stable,24.487708903,20.558971289,72.289156627,72.197408563,1.000000000,71,True,0.963759479,1.000000000,1.000000000,0.986301370,0.868736546,0.839967812,True,True,20.754573308,20.558971289,72.196547586,72.197408563,True,True,0.958009574,0.963759479,True,True,True
60.000000000,0,subject9,sleep,red,1,grouped_stable,24.487708903,20.612939693,72.289156627,72.238282230,1.000000000,71,True,0.961280772,1.000000000,1.000000000,0.986301370,0.858821717,0.838785297,True,True,20.754510378,20.612939693,72.272127252,72.23828223,True,True,0.957559882,0.961280772,True,True,True
60.000000000,0,subject9,sleep,ir,2,grouped_stable,39.879626570,35.827057781,65.040650407,65.144394292,1.000000000,64,True,0.916780526,1.000000000,0.864629191,0.969696970,0.832795942,0.796109548,True,True,36.700169821,35.827057781,65.148674518,65.144394292,True,True,0.942933196,0.916780526,True,True,True
60.000000000,0,subject9,sleep,red,2,grouped_stable,39.879626570,37.396071726,65.040650407,64.935007895,1.000000000,64,True,0.911928702,1.000000000,0.864629191,0.969696970,0.813388647,0.791255010,True,True,38.466011551,37.396071726,65.056323408,64.935007895,True,True,0.937050014,0.911928702,True,True,True
60.000000000,0,subject9,sleep,ir,3,grouped_stable,34.422760938,33.587274533,67.415730337,67.744221278,1.000000000,67,True,0.863274479,1.000000000,0.824933229,0.956521739,0.671642948,0.802649423,True,True,36.111280766,33.587274533,67.89064145,67.744221278,True,True,0.872140224,0.863274479,True,True,True
60.000000000,0,subject9,sleep,red,3,grouped_stable,34.422760938,34.282711767,67.415730337,67.985062682,1.000000000,67,True,0.859470841,1.000000000,0.824933229,0.956521739,0.656428394,0.815135457,True,True,35.740940572,34.282711767,67.838371266,67.985062682,True,True,0.848819269,0.859470841,True,True,True
60.000000000,0,subject9,sleep,ir,4,grouped_stable,47.008893473,57.480994637,61.538461538,61.724501438,1.000000000,60,True,0.860120673,1.000000000,0.739563660,0.935483871,0.765435163,0.753944808,True,True,57.003604537,57.480994637,61.773887592,61.724501438,True,True,0.887564629,0.860120673,True,True,True
60.000000000,0,subject9,sleep,red,4,grouped_stable,47.008893473,57.974321441,61.538461538,61.761759444,0.983606557,58,True,0.862490021,1.000000000,0.739563660,0.935483871,0.774912554,0.748773767,True,True,64.162184745,57.974321441,61.165751303,61.761759444,True,True,0.863303468,0.862490021,False,False,False
60.000000000,1,subject2,sit,ir,0,grouped_stable,14.108951060,15.474310288,81.632653061,81.796826661,1.000000000,79,True,0.878188331,1.000000000,0.803979250,0.964285714,0.744488358,0.857669867,True,True,14.701437387,15.474310288,81.807461029,81.796826661,True,True,0.880029456,0.878188331,True,True,True
60.000000000,1,subject2,sit,red,0,grouped_stable,14.108951060,25.245825762,81.632653061,82.120551545,0.975308642,77,True,0.882257876,1.000000000,0.803979250,0.976190476,0.748861778,0.857775772,True,True,25.262722784,25.245825762,82.177049294,82.120551545,True,True,0.884316159,0.882257876,True,True,True
60.000000000,1,subject2,sit,ir,1,grouped_stable,20.518284529,18.701696798,75.235109718,75.902738754,1.000000000,75,True,0.928846760,1.000000000,0.904837418,0.961038961,0.849510660,0.803394117,True,True,18.897490542,18.701696798,75.874284841,75.902738754,True,True,0.926452014,0.92884676,True,True,True
60.000000000,1,subject2,sit,red,1,grouped_stable,20.518284529,21.725887996,75.235109718,75.649866750,1.000000000,75,True,0.926456937,1.000000000,0.904837418,0.961038961,0.839951370,0.777369209,True,True,21.723905969,21.725887996,75.637421993,75.64986675,True,True,0.925447311,0.926456937,True,True,True
60.000000000,1,subject2,sit,ir,2,grouped_stable,20.737967382,24.036888758,80.536912752,80.814459949,1.000000000,77,True,0.934764747,1.000000000,1.000000000,0.987500000,0.751558988,0.786620285,True,True,23.759048209,24.036888758,80.817056849,80.814459949,True,True,0.893537724,0.934764747,True,True,True
60.000000000,1,subject2,sit,red,2,grouped_stable,20.737967382,31.173631995,80.536912752,80.352418023,1.000000000,77,True,0.917123278,1.000000000,1.000000000,0.987500000,0.680993114,0.756012860,True,True,37.112019026,31.173631995,80.017348453,80.352418023,True,True,0.898915876,0.917123278,False,False,False
60.000000000,1,subject2,sit,ir,3,grouped_stable,46.002682022,24.027611054,81.081081081,81.709273626,1.000000000,79,True,0.893278625,1.000000000,0.981982474,0.987804878,0.603327147,0.679055118,True,True,24.072347013,24.027611054,81.730218182,81.709273626,True,True,0.887605234,0.893278625,True,True,True
60.000000000,1,subject2,sit,red,3,grouped_stable,46.002682022,27.401399805,81.081081081,81.244652766,0.950617284,74,True,0.855881551,1.000000000,0.818730753,1.000000000,0.604795451,0.648218988,True,True,27.159533815,27.401399805,81.27681846,81.244652766,True,True,0.893941882,0.855881551,True,True,True
60.000000000,1,subject2,sit,ir,4,grouped_stable,13.698840383,16.133048516,80.808080808,80.696709125,1.000000000,78,True,0.880437871,1.000000000,0.803979250,0.952380952,0.765391283,0.842168821,True,True,15.768382177,16.133048516,80.6787457,80.696709125,True,True,0.88031551,0.880437871,True,True,True
60.000000000,1,subject2,sit,red,4,grouped_stable,13.698840383,18.629539314,80.808080808,81.111886694,1.000000000,78,True,0.881019263,1.000000000,0.803979250,0.952380952,0.767716848,0.823158201,True,True,18.259186299,18.629539314,81.114330321,81.111886694,True,True,0.881115259,0.881019263,True,True,True
60.000000000,1,subject2,sleep,ir,0,grouped_stable,35.731111496,17.203739875,74.074074074,73.999149944,1.000000000,74,True,0.859668312,1.000000000,0.863346834,0.947368421,0.627957991,0.770031437,True,True,17.586794153,17.203739875,73.962453857,73.999149944,True,True,0.827393468,0.859668312,True,True,True
60.000000000,1,subject2,sleep,red,0,grouped_stable,35.731111496,19.854310247,74.074074074,74.451637315,1.000000000,74,True,0.866665335,1.000000000,0.863346834,0.947368421,0.655946084,0.738785691,True,True,19.804184521,19.854310247,74.408009726,74.451637315,True,True,0.833405626,0.866665335,True,True,True
60.000000000,1,subject2,sleep,ir,1,grouped_stable,16.155025487,16.200953292,66.298342541,66.376531597,1.000000000,65,True,0.895716643,1.000000000,0.935506985,0.985074627,0.662284961,0.897151473,True,True,16.031867021,16.200953292,66.345666156,66.376531597,True,True,0.887966939,0.895716643,True,True,True
60.000000000,1,subject2,sleep,red,1,grouped_stable,16.155025487,19.206829031,66.298342541,66.291895506,1.000000000,65,True,0.901991153,1.000000000,0.935506985,0.985074627,0.687382998,0.878469058,True,True,19.260028896,19.206829031,66.250337438,66.291895506,True,True,0.905453574,0.901991153,True,True,True
60.000000000,1,subject2,sleep,ir,2,grouped_stable,24.950771203,28.285355606,60.913705584,60.844147261,1.000000000,59,True,0.905969487,1.000000000,0.903305094,0.983606557,0.736966296,0.755696772,True,True,30.225918097,28.285355606,60.809704753,60.844147261,True,True,0.934485519,0.905969487,True,True,True
60.000000000,1,subject2,sleep,red,2,grouped_stable,24.950771203,40.422961414,60.913705584,61.375997896,0.933333333,53,True,0.878911620,0.932673007,0.906372341,0.983870968,0.692730165,0.569702853,True,True,40.809814286,40.422961414,61.351197154,61.375997896,True,True,0.896810346,0.87891162,True,True,True
60.000000000,1,subject2,sleep,ir,3,grouped_stable,27.356664577,29.479221591,61.855670103,62.467794133,0.983606557,58,True,0.912991703,1.000000000,0.993127175,1.000000000,0.658839639,0.731128574,True,True,29.872382761,29.479221591,62.465597708,62.467794133,True,True,0.915686826,0.912991703,True,True,True
60.000000000,1,subject2,sleep,red,3,grouped_stable,27.356664577,33.846314859,61.855670103,62.151422079,0.983606557,58,True,0.922475084,1.000000000,0.993127175,1.000000000,0.696773162,0.659604585,True,True,40.20494605,33.846314859,62.221235368,62.151422079,True,True,0.917597806,0.922475084,False,False,False
60.000000000,1,subject2,sleep,ir,4,grouped_stable,18.468119248,26.832111443,70.588235294,70.649136661,1.000000000,70,True,0.879811187,1.000000000,0.942873144,0.972222222,0.604149382,0.839899739,True,True,27.582515793,26.832111443,70.597383332,70.649136661,True,True,0.882030708,0.879811187,True,True,True
60.000000000,1,subject2,sleep,red,4,grouped_stable,18.468119248,46.675185593,70.588235294,70.923448927,1.000000000,70,True,0.871711181,1.000000000,0.942873144,0.972222222,0.571749359,0.780174615,True,True,47.234969622,46.675185593,70.605674512,70.923448927,True,True,0.867293229,0.871711181,True,True,True
60.000000000,1,subject8,sit,ir,0,grouped_stable,12.852181582,12.759237194,85.714285714,85.588336053,1.000000000,84,True,0.915713647,1.000000000,0.971832875,1.000000000,0.691021713,0.800531281,True,True,12.881402845,12.759237194,85.605484597,85.588336053,True,True,0.914471295,0.915713647,True,True,True
60.000000000,1,subject8,sit,red,0,grouped_stable,12.852181582,15.023667344,85.714285714,85.735894519,1.000000000,84,True,0.908303230,1.000000000,0.971832875,1.000000000,0.661380046,0.778557690,True,True,14.088022674,15.023667344,85.840907567,85.735894519,True,True,0.903706883,0.90830323,True,True,True
60.000000000,1,subject8,sit,ir,1,grouped_stable,13.194141346,18.018816624,82.191780822,82.229305835,1.000000000,81,True,0.822035322,1.000000000,0.981982474,0.987951807,0.318207006,0.827637123,True,True,17.309455154,18.018816624,82.198804193,82.229305835,True,True,0.822487934,0.822035322,True,True,True
60.000000000,1,subject8,sit,red,1,grouped_stable,13.194141346,21.498896859,82.191780822,82.302550245,1.000000000,81,True,0.788037555,1.000000000,0.833752918,0.963855422,0.354541880,0.766844704,True,True,20.623424264,21.498896859,82.338482282,82.302550245,True,True,0.789224596,0.788037555,True,True,True
60.000000000,1,subject8,sit,ir,2,grouped_stable,13.509256086,15.328438749,90.909090909,91.617123144,1.000000000,88,True,0.871861616,1.000000000,0.969699324,0.978260870,0.539486272,0.761996892,True,True,14.875946018,15.328438749,91.485707083,91.617123144,True,True,0.833225371,0.871861616,True,True,True
60.000000000,1,subject8,sit,red,2,grouped_stable,13.509256086,16.273262119,90.909090909,90.731211823,0.955555556,83,True,0.895690819,1.000000000,0.969699324,0.989130435,0.623933516,0.709526559,True,True,16.26382382,16.273262119,90.985908446,90.731211823,True,True,0.851934941,0.895690819,True,True,True
60.000000000,1,subject8,sit,ir,3,grouped_stable,15.723301887,24.144425622,82.474226804,83.743418033,0.975903614,79,True,0.895644708,1.000000000,0.972478826,1.000000000,0.610100008,0.692410335,True,True,23.996145553,24.144425622,83.765467337,83.743418033,True,True,0.857914124,0.895644708,True,True,True
60.000000000,1,subject8,sit,red,3,grouped_stable,15.723301887,27.070925113,82.474226804,84.196580482,0.951807229,76,True,0.860391655,0.998577714,0.841900853,0.976190476,0.624897575,0.599359971,True,True,32.523898363,27.070925113,83.809239852,84.196580482,True,True,0.876875184,0.860391655,False,False,False
60.000000000,1,subject8,sit,ir,4,grouped_stable,11.115899351,13.628101856,87.272727273,87.661927412,1.000000000,86,True,0.917361895,1.000000000,0.980676936,1.000000000,0.688770643,0.802964370,True,True,13.513827784,13.628101856,87.640791015,87.661927412,True,True,0.870631397,0.917361895,True,True,True
60.000000000,1,subject8,sit,red,4,grouped_stable,11.115899351,15.012327120,87.272727273,87.875299220,0.988505747,84,True,0.916155357,1.000000000,0.980676936,1.000000000,0.683944493,0.760723175,True,True,26.591624813,15.01232712,87.414558269,87.87529922,True,True,0.859924803,0.916155357,False,False,False
60.000000000,1,subject8,sleep,ir,0,grouped_stable,22.352692391,18.958617942,70.175438596,70.339291250,1.000000000,68,True,0.956076965,1.000000000,0.942873144,1.000000000,0.881434714,0.787608119,True,True,19.166667317,18.958617942,70.339972709,70.33929125,True,True,0.95245953,0.956076965,True,True,True
60.000000000,1,subject8,sleep,red,0,grouped_stable,22.352692391,24.992606401,70.175438596,70.399548284,1.000000000,68,True,0.948818713,1.000000000,0.942873144,1.000000000,0.852401707,0.775212355,True,True,25.216514347,24.992606401,70.383971094,70.399548284,True,True,0.941949709,0.948818713,True,True,True
60.000000000,1,subject8,sleep,ir,1,grouped_stable,33.669966835,30.291579508,76.433121019,75.649072423,0.958333333,66,True,0.921310145,1.000000000,0.979167428,0.960526316,0.745546837,0.661571609,True,True,41.950984541,30.291579508,76.398630982,75.649072423,True,True,0.902275371,0.921310145,False,False,False
60.000000000,1,subject8,sleep,red,1,grouped_stable,33.669966835,46.833756347,76.433121019,77.916674465,0.972972973,69,True,0.907969143,0.944683537,0.942165370,0.986842105,0.758185559,0.575107592,True,True,32.071290583,46.833756347,77.062452316,77.916674465,True,True,0.893874917,0.907969143,False,False,False
60.000000000,1,subject8,sleep,ir,2,grouped_stable,31.681719386,25.590838250,67.415730337,67.245064165,1.000000000,65,True,0.856389798,1.000000000,0.992481239,0.985294118,0.447783835,0.798590059,True,True,25.478144816,25.59083825,67.236725777,67.245064165,True,True,0.826795186,0.856389798,True,True,True
60.000000000,1,subject8,sleep,red,2,grouped_stable,31.681719386,26.672058181,67.415730337,67.445546548,1.000000000,65,True,0.845946968,1.000000000,0.931435777,0.985294118,0.467057978,0.790842200,True,True,26.735728782,26.672058181,67.453621723,67.445546548,True,True,0.831772287,0.845946968,True,True,True
60.000000000,1,subject8,sleep,ir,3,grouped_stable,29.750116713,31.831963173,72.727272727,70.325517060,0.942857143,63,True,0.383332413,0.262874114,0.163701810,0.806818182,0.299935546,0.268293351,False,False,31.717545052,31.831963173,70.39013134,70.32551706,True,True,0.377090987,0.383332413,True,False,False
60.000000000,1,subject8,sleep,red,3,grouped_stable,29.750116713,33.892051365,72.727272727,65.286035043,0.735849057,35,True,0.392111228,0.311347226,0.147225556,0.814814815,0.295057315,0.290106252,False,False,,33.892051365,,65.286035043,False,True,0.395343669,0.392111228,False,False,False
60.000000000,1,subject8,sleep,ir,4,grouped_stable,36.448201994,53.877980693,70.588235294,69.865389295,1.000000000,68,True,0.873801682,1.000000000,0.884195645,0.971428571,0.639582512,0.667957415,True,True,54.465948895,53.877980693,69.886466537,69.865389295,True,True,0.866860395,0.873801682,True,True,True
60.000000000,1,subject8,sleep,red,4,grouped_stable,36.448201994,60.606665383,70.588235294,69.764420058,0.941176471,60,True,0.823515925,0.841749860,0.884195645,0.985507246,0.582610951,0.528787437,True,True,61.296247773,60.606665383,69.769833823,69.764420058,True,True,0.81237072,0.823515925,True,True,True
60.000000000,2,subject12,sit,ir,0,grouped_stable,36.071267841,33.665553515,90.225563910,92.229155891,0.955555556,82,True,0.722309795,0.779538373,0.532182273,0.945054945,0.632463590,0.500792268,True,False,34.555497744,33.665553515,91.80254703,92.229155891,True,True,0.755600287,0.722309795,True,True,False
60.000000000,2,subject12,sit,red,0,grouped_stable,36.071267841,38.163711244,90.225563910,92.542132211,0.978021978,86,True,0.582744162,0.444529838,0.532182273,0.934782609,0.419481929,0.350038427,False,False,33.135210004,38.163711244,92.551908116,92.542132211,True,True,0.610158319,0.582744162,False,False,False
60.000000000,2,subject12,sit,ir,1,grouped_stable,27.785661964,31.346104325,93.750000000,93.503884276,0.933333333,78,True,0.723077393,0.504355027,0.844314039,0.968085106,0.575555400,0.376959762,True,False,37.668607079,31.346104325,93.656680763,93.503884276,True,True,0.741173628,0.723077393,False,False,False
60.000000000,2,subject12,sit,red,1,grouped_stable,27.785661964,33.620109541,93.750000000,90.625361854,0.783783784,50,True,0.435642009,0.410552681,0.050768063,0.773333333,0.507913958,0.334748706,False,False,77.280878478,33.620109541,87.901296802,90.625361854,True,True,0.411968485,0.435642009,False,False,False
60.000000000,2,subject12,sit,ir,2,grouped_stable,35.406371053,36.872270360,90.225563910,90.979385681,1.000000000,90,True,0.754620274,0.760065320,0.818730753,0.956521739,0.483163284,0.492029394,True,True,35.817847496,36.87227036,91.802158023,90.979385681,True,True,0.753126566,0.754620274,True,True,True
60.000000000,2,subject12,sit,red,2,grouped_stable,35.406371053,41.934450297,90.225563910,91.925690221,0.966292135,82,True,0.691662923,0.433759275,0.818730753,0.977777778,0.536383884,0.345191674,True,False,41.724422844,41.934450297,91.083177905,91.925690221,True,True,0.690132977,0.691662923,True,True,False
60.000000000,2,subject12,sit,ir,3,grouped_stable,14.903196407,22.894641511,95.238095238,95.272062129,0.989361702,91,True,0.804414423,1.000000000,0.928965005,0.989473684,0.299219001,0.692496591,True,True,23.43478624,22.894641511,95.326377677,95.272062129,True,True,0.804744369,0.804414423,True,True,True
60.000000000,2,subject12,sit,red,3,grouped_stable,14.903196407,26.935635402,95.238095238,95.490002635,0.923076923,78,True,0.729080465,0.707990346,0.928965005,0.978723404,0.300643106,0.468595656,True,False,26.723384583,26.935635402,96.005544278,95.490002635,True,True,0.72244906,0.729080465,True,True,False
60.000000000,2,subject12,sit,ir,4,grouped_stable,37.155006466,,89.219330855,,0.420000000,10,False,0.582361632,0.281616998,0.670320046,0.944444444,0.433065040,0.276727649,False,False,,,,,False,False,0.664037039,0.582361632,False,False,False
60.000000000,2,subject12,sit,red,4,grouped_stable,37.155006466,,89.219330855,,0.461538462,13,False,0.459701516,0.349825061,0.461564105,0.867924528,0.159492367,0.307421278,False,False,,,,,False,False,0.477188034,0.459701516,False,False,False
60.000000000,2,subject12,sleep,ir,0,grouped_stable,28.331372481,29.093011134,75.949367089,74.387820783,0.947368421,69,True,0.741286355,0.703838479,0.740818221,0.935064935,0.585423786,0.466727316,True,False,32.465822646,29.093011134,74.31463939,74.387820783,True,True,0.743155784,0.741286355,True,True,False
60.000000000,2,subject12,sleep,red,0,grouped_stable,28.331372481,34.113147125,75.949367089,75.010737682,0.933333333,66,True,0.579988937,0.182797573,0.740818221,0.947368421,0.448971532,0.232258908,False,False,35.969610884,34.113147125,76.44649749,75.010737682,True,True,0.571516334,0.579988937,True,False,False
60.000000000,2,subject12,sleep,ir,1,grouped_stable,27.463009075,22.827609316,83.623693380,83.433059181,1.000000000,83,True,0.941875228,1.000000000,0.972478826,0.988235294,0.806786792,0.817797493,True,True,21.43533697,22.827609316,83.402266397,83.433059181,True,True,0.920300881,0.941875228,True,True,True
60.000000000,2,subject12,sleep,red,1,grouped_stable,27.463009075,28.947253986,83.623693380,83.798516047,1.000000000,83,True,0.899437712,1.000000000,0.972478826,0.988235294,0.637036730,0.770011449,True,True,30.608494992,28.947253986,84.622435522,83.798516047,True,True,0.848212989,0.899437712,True,True,True
60.000000000,2,subject12,sleep,ir,2,grouped_stable,21.678110531,16.074981294,84.507042254,84.800156237,1.000000000,83,True,0.937121811,1.000000000,0.931845514,0.988235294,0.828406437,0.856200090,True,True,16.546977986,16.074981294,84.942533229,84.800156237,True,True,0.908511923,0.937121811,True,True,True
60.000000000,2,subject12,sleep,red,2,grouped_stable,21.678110531,29.023740667,84.507042254,84.757503164,1.000000000,83,True,0.901688273,1.000000000,0.931845514,0.988235294,0.686672283,0.823765096,True,True,27.473932674,29.023740667,85.005150307,84.757503164,True,True,0.876068176,0.901688273,True,True,True
60.000000000,2,subject12,sleep,ir,3,grouped_stable,32.153405160,40.631483277,81.081081081,81.335086581,0.876543210,63,True,0.826707425,0.785336497,0.981982474,1.000000000,0.539510729,0.503401424,True,True,43.221402088,40.631483277,81.317387026,81.335086581,True,True,0.820592765,0.826707425,True,True,True
60.000000000,2,subject12,sleep,red,3,grouped_stable,32.153405160,57.718704775,81.081081081,82.953224995,0.807692308,52,True,0.640055262,0.286478639,0.981982474,0.963414634,0.328345301,0.278915387,False,False,54.121027306,57.718704775,83.810337428,82.953224995,True,True,0.594770709,0.640055262,True,False,False
60.000000000,2,subject12,sleep,ir,4,grouped_stable,30.271406057,,81.081081081,,0.026315789,0,False,0.760376415,0.740191564,1.000000000,0.975000000,0.326314095,0.483086204,False,False,,,,,False,False,0.760608795,0.760376415,False,False,False
60.000000000,2,subject12,sleep,red,4,grouped_stable,30.271406057,,81.081081081,,0.100000000,0,False,0.736159060,0.892127851,0.695143928,0.975609756,0.381754706,0.551457533,False,False,,,,,False,False,0.742550278,0.73615906,False,False,False
60.000000000,2,subject7,sit,ir,0,grouped_stable,44.377413610,43.529613419,62.827225131,62.686586977,1.000000000,61,True,0.906129995,1.000000000,0.919237712,0.984375000,0.720907268,0.852702927,True,True,35.866645158,43.529613419,62.977516423,62.686586977,True,True,0.924839697,0.906129995,False,False,False
60.000000000,2,subject7,sit,red,0,grouped_stable,44.377413610,47.929994355,62.827225131,62.672350408,1.000000000,61,True,0.912626262,1.000000000,0.919237712,0.984375000,0.746892335,0.859469097,True,True,36.511997844,47.929994355,62.885219247,62.672350408,True,True,0.908200451,0.912626262,False,False,False
60.000000000,2,subject7,sit,ir,1,grouped_stable,43.166033540,38.530298163,62.500000000,62.398885305,1.000000000,61,True,0.954753534,1.000000000,0.940945964,0.984126984,0.893941187,0.813318619,True,True,38.560696904,38.530298163,62.384105595,62.398885305,True,True,0.967010691,0.954753534,True,True,True
60.000000000,2,subject7,sit,red,1,grouped_stable,43.166033540,40.188313842,62.500000000,62.271613162,0.983870968,59,True,0.961726298,1.000000000,0.993127175,0.984126984,0.869651035,0.811154643,True,True,46.964472222,40.188313842,62.358219955,62.271613162,True,True,0.96348872,0.961726298,False,False,False
60.000000000,2,subject7,sit,ir,2,grouped_stable,32.240550941,28.517144030,64.516129032,64.223731947,1.000000000,63,True,0.937359361,1.000000000,0.971832875,0.984615385,0.792989184,0.865425890,True,True,28.699370739,28.51714403,64.218841465,64.223731947,True,True,0.940107046,0.937359361,True,True,True
60.000000000,2,subject7,sit,red,2,grouped_stable,32.240550941,29.109224341,64.516129032,63.999283395,1.000000000,63,True,0.930698209,1.000000000,0.971832875,0.984615385,0.766344577,0.866481388,True,True,29.256301931,29.109224341,63.992656176,63.999283395,True,True,0.929943575,0.930698209,True,True,True
60.000000000,2,subject7,sit,ir,3,grouped_stable,28.005862926,27.469095820,67.415730337,67.319121733,1.000000000,66,True,0.922051609,1.000000000,0.824933229,0.970588235,0.892684972,0.826395444,True,True,27.366952957,27.46909582,67.280431191,67.319121733,True,True,0.948900116,0.922051609,True,True,True
60.000000000,2,subject7,sit,red,3,grouped_stable,28.005862926,27.957516674,67.415730337,67.417925750,1.000000000,66,True,0.918250489,1.000000000,0.824933229,0.970588235,0.877480493,0.825867482,True,True,27.884893294,27.957516674,67.365514038,67.41792575,True,True,0.946142688,0.918250489,True,True,True
60.000000000,2,subject7,sit,ir,4,grouped_stable,31.094744200,27.968384177,76.433121019,76.303502884,1.000000000,76,True,0.811543157,1.000000000,0.740818221,0.923076923,0.582277486,0.776924237,True,True,27.963245888,27.968384177,76.308153234,76.303502884,True,True,0.813033047,0.811543157,True,True,True
60.000000000,2,subject7,sit,red,4,grouped_stable,31.094744200,29.297768205,76.433121019,76.442207116,1.000000000,76,True,0.775216398,1.000000000,0.631552334,0.923076923,0.546236335,0.762559334,True,True,29.653181303,29.297768205,76.468923965,76.442207116,True,True,0.803537357,0.775216398,True,True,True
60.000000000,2,subject7,sleep,ir,0,grouped_stable,23.561558922,21.405930376,68.571428571,68.451732318,1.000000000,66,True,0.955456564,1.000000000,0.884195645,1.000000000,0.937630610,0.785036006,True,True,21.42183398,21.405930376,68.38954504,68.451732318,True,True,0.956576524,0.955456564,True,True,True
60.000000000,2,subject7,sleep,red,0,grouped_stable,23.561558922,22.133532274,68.571428571,68.525108775,1.000000000,66,True,0.985060592,1.000000000,0.992481239,1.000000000,0.947761131,0.794943197,True,True,22.043270483,22.133532274,68.55824228,68.525108775,True,True,0.957756419,0.985060592,True,True,True
60.000000000,2,subject7,sleep,ir,1,grouped_stable,24.178820993,38.462311780,61.224489796,61.047217124,0.796296296,40,True,0.625789747,0.790521742,0.165298888,0.763636364,0.783701993,0.505734784,False,False,45.68126435,38.46231178,61.371161192,61.047217124,True,True,0.609186974,0.625789747,False,False,False
60.000000000,2,subject7,sleep,red,1,grouped_stable,24.178820993,39.343733008,61.224489796,61.530793491,0.711538462,32,True,0.625309375,0.842514652,0.165298888,0.792452830,0.700971129,0.529131593,False,False,,39.343733008,,61.530793491,False,True,0.618813778,0.625309375,False,False,False
60.000000000,2,subject7,sleep,ir,2,grouped_stable,22.057616860,21.201112910,65.217391304,65.244646171,1.000000000,64,True,0.933732892,1.000000000,0.946915466,1.000000000,0.788016101,0.815721394,True,True,73.322463611,21.20111291,65.521172682,65.244646171,True,True,0.934173019,0.933732892,False,False,False
60.000000000,2,subject7,sleep,red,2,grouped_stable,22.057616860,26.704557949,65.217391304,65.353048385,1.000000000,64,True,0.938378115,1.000000000,0.946915466,1.000000000,0.806596995,0.822780128,True,True,26.598508818,26.704557949,65.380248838,65.353048385,True,True,0.911002881,0.938378115,True,True,True
60.000000000,2,subject7,sleep,ir,3,grouped_stable,26.537469513,20.701029067,59.113300493,59.043216006,1.000000000,57,True,0.878045994,1.000000000,0.903355293,0.983050847,0.625777834,0.851054916,True,True,21.667545153,20.701029067,59.003274189,59.043216006,True,True,0.875794032,0.878045994,True,True,True
60.000000000,2,subject7,sleep,red,3,grouped_stable,26.537469513,26.918019798,59.113300493,59.075372014,1.000000000,57,True,0.868335743,1.000000000,0.903355293,0.983050847,0.586936829,0.871083565,True,True,47.797816927,26.918019798,59.240026427,59.075372014,True,True,0.851601205,0.868335743,False,False,False
60.000000000,2,subject7,sleep,ir,4,grouped_stable,32.973818815,45.245855432,56.603773585,56.753076369,0.927272727,47,True,0.885216414,1.000000000,0.892003061,1.000000000,0.648862593,0.806193905,True,True,18.962112749,45.245855432,56.707717425,56.753076369,True,True,0.90174942,0.885216414,False,False,False
60.000000000,2,subject7,sleep,red,4,grouped_stable,32.973818815,21.415862502,56.603773585,56.844601224,1.000000000,55,True,0.892914767,1.000000000,0.975309912,0.982456140,0.613893016,0.822028102,True,True,20.094522939,21.415862502,56.780305864,56.844601224,True,True,0.892021869,0.892914767,True,True,True
60.000000000,3,subject11,sit,ir,0,grouped_stable,42.987798498,32.279363790,64.690026954,65.151576033,0.968253968,58,True,0.870285051,1.000000000,0.864629191,1.000000000,0.616511013,0.745158707,True,True,31.98449537,32.27936379,65.122984192,65.151576033,True,True,0.893991043,0.870285051,True,True,True
60.000000000,3,subject11,sit,red,0,grouped_stable,42.987798498,33.158316338,64.690026954,65.169669816,0.968253968,58,True,0.880813521,1.000000000,0.946915466,0.969696970,0.606641649,0.768697675,True,True,32.617401713,33.158316338,65.078622579,65.169669816,True,True,0.854970188,0.880813521,True,True,True
60.000000000,3,subject11,sit,ir,1,grouped_stable,37.919372198,32.212345595,70.175438596,70.495252647,0.985507246,66,True,0.929565776,1.000000000,0.942873144,1.000000000,0.775389962,0.743573800,True,True,29.872868481,32.212345595,70.997328574,70.495252647,True,True,0.906364271,0.929565776,True,True,True
60.000000000,3,subject11,sit,red,1,grouped_stable,37.919372198,40.010916120,70.175438596,70.839782642,1.000000000,69,True,0.909943341,1.000000000,0.942873144,0.985915493,0.710984728,0.714168002,True,True,40.384545019,40.01091612,70.831360232,70.839782642,True,True,0.879042364,0.909943341,True,True,True
60.000000000,3,subject11,sit,ir,2,grouped_stable,30.080737130,37.258534858,67.039106145,67.907945736,1.000000000,66,True,0.885661048,1.000000000,0.992481239,1.000000000,0.550162954,0.849090949,True,True,84.770867127,37.258534858,68.370123256,67.907945736,True,True,0.885782171,0.885661048,False,False,False
60.000000000,3,subject11,sit,red,2,grouped_stable,30.080737130,54.917487698,67.039106145,67.240299504,0.954545455,59,True,0.883142027,1.000000000,0.992481239,0.985294118,0.554792752,0.811759209,True,True,55.606437892,54.917487698,68.040525113,67.240299504,True,True,0.849001317,0.883142027,True,True,True
60.000000000,3,subject11,sit,ir,3,grouped_stable,37.564152776,35.978573978,66.115702479,66.529141992,0.920634921,53,True,0.876249961,1.000000000,0.946915466,0.969696970,0.588387407,0.707772081,True,True,37.89473906,35.978573978,66.332897415,66.529141992,True,True,0.872899707,0.876249961,True,True,True
60.000000000,3,subject11,sit,red,3,grouped_stable,37.564152776,55.359279408,66.115702479,66.526671739,0.906250000,53,True,0.868589912,1.000000000,0.946915466,0.984848485,0.542595699,0.634509761,True,True,70.113319621,55.359279408,66.766238867,66.526671739,True,True,0.871995882,0.868589912,False,False,False
60.000000000,3,subject11,sit,ir,4,grouped_stable,34.899409021,38.915084013,65.934065934,65.925149185,0.984375000,61,True,0.881788919,1.000000000,0.946915466,0.984848485,0.595391725,0.791266006,True,True,101.305455982,38.915084013,65.868468146,65.925149185,True,True,0.878603439,0.881788919,False,False,False
60.000000000,3,subject11,sit,red,4,grouped_stable,34.899409021,56.048621731,65.934065934,65.731367847,0.953125000,59,True,0.888903232,1.000000000,0.946915466,0.984848485,0.623848979,0.758458399,True,True,57.249505379,56.048621731,65.698089354,65.731367847,True,True,0.889144353,0.888903232,True,True,True
60.000000000,3,subject11,sleep,ir,0,grouped_stable,58.094750193,43.825943833,63.492063492,64.730771044,0.876923077,49,True,0.850225248,0.970967762,0.971832875,0.969696970,0.488403386,0.586935493,True,True,56.32114877,43.825943833,65.065273099,64.730771044,True,True,0.839077957,0.850225248,False,False,False
60.000000000,3,subject11,sleep,red,0,grouped_stable,58.094750193,54.180108920,63.492063492,63.759736703,0.854838710,45,True,0.807211739,0.926196666,0.919237712,0.984375000,0.399037578,0.566788500,True,True,54.527865204,54.18010892,63.656330074,63.759736703,True,True,0.804906125,0.807211739,True,True,True
60.000000000,3,subject11,sleep,ir,1,grouped_stable,30.291790845,24.962628632,54.298642534,54.614210365,1.000000000,52,True,0.874788569,1.000000000,0.946915466,1.000000000,0.552238812,0.800925406,True,True,24.883822878,24.962628632,54.557574208,54.614210365,True,True,0.875665038,0.874788569,True,True,True
60.000000000,3,subject11,sleep,red,1,grouped_stable,30.291790845,24.902673085,54.298642534,54.599137073,1.000000000,52,True,0.869936147,1.000000000,0.946915466,1.000000000,0.532829123,0.783509928,True,True,24.6773603,24.902673085,54.553435043,54.599137073,True,True,0.870412317,0.869936147,True,True,True
60.000000000,3,subject11,sleep,ir,2,grouped_stable,37.048873770,57.137382508,62.500000000,62.953132566,0.901639344,50,True,0.572064774,0.254332139,0.665713054,0.935483871,0.432730031,0.264449463,False,False,54.999340586,57.137382508,62.933410717,62.953132566,True,True,0.574552623,0.572064774,True,False,False
60.000000000,3,subject11,sleep,red,2,grouped_stable,37.048873770,45.645518863,62.500000000,63.335426112,0.821428571,40,True,0.602255610,0.148096131,0.739563660,0.982758621,0.538604026,0.216643259,False,False,69.988059065,45.645518863,64.201460032,63.335426112,True,True,0.571109899,0.60225561,False,False,False
60.000000000,3,subject11,sleep,ir,3,grouped_stable,31.472209964,,51.063829787,,0.180000000,2,False,0.919797150,1.000000000,0.899080254,0.980392157,0.799716190,0.837617920,False,False,,,,,False,False,0.913158877,0.91979715,False,False,False
60.000000000,3,subject11,sleep,red,3,grouped_stable,31.472209964,,51.063829787,,0.140000000,3,False,0.919894767,1.000000000,0.866877900,0.980392157,0.832309012,0.830993186,False,False,,,,,False,False,0.922056707,0.919894767,False,False,False
60.000000000,3,subject11,sleep,ir,4,grouped_stable,33.431228796,,52.401746725,,0.549019608,24,False,0.894449513,1.000000000,0.982759051,1.000000000,0.595039001,0.809456900,False,False,28.197963503,,52.595932326,,True,False,0.882613575,0.894449513,False,False,False
60.000000000,3,subject11,sleep,red,4,grouped_stable,33.431228796,,52.401746725,,0.673076923,30,False,0.875341460,1.000000000,0.982759051,0.981132075,0.537474711,0.745616124,False,False,78.805991297,,52.726211874,,True,False,0.854533166,0.87534146,False,False,False
60.000000000,3,subject6,sit,ir,0,grouped_stable,75.451471346,66.546691790,54.054054054,53.973547680,0.943396226,46,True,0.969179040,1.000000000,0.973492000,1.000000000,0.903224159,0.758849482,True,True,64.687721308,66.54669179,54.084890956,53.97354768,True,True,0.961454453,0.96917904,True,True,True
60.000000000,3,subject6,sit,red,0,grouped_stable,75.451471346,66.876545522,54.054054054,53.959453806,0.981132075,50,True,0.963267504,1.000000000,0.973492000,1.000000000,0.879578014,0.718818428,True,True,65.541949824,66.876545522,53.934617287,53.959453806,True,True,0.957693063,0.963267504,True,True,True
60.000000000,3,subject6,sit,ir,1,grouped_stable,95.559910154,98.336636187,58.679706601,57.846362744,1.000000000,58,True,0.862432755,1.000000000,0.813465622,0.933333333,0.702932067,0.668413824,True,True,97.935861641,98.336636187,57.995171182,57.846362744,True,True,0.857212777,0.862432755,True,True,True
60.000000000,3,subject6,sit,red,1,grouped_stable,95.559910154,82.980868434,58.679706601,58.939071557,0.966101695,54,True,0.832415209,1.000000000,0.813465622,0.933333333,0.582861881,0.642331230,True,True,84.218078734,82.980868434,58.969276029,58.939071557,True,True,0.831038372,0.832415209,True,True,True
60.000000000,3,subject6,sit,ir,2,grouped_stable,49.197259785,35.555509174,54.794520548,54.717683966,1.000000000,52,True,0.918439746,1.000000000,0.946915466,1.000000000,0.726843518,0.752634395,True,True,35.380552732,35.555509174,54.732711735,54.717683966,True,True,0.919207557,0.918439746,True,True,True
60.000000000,3,subject6,sit,red,2,grouped_stable,49.197259785,57.416647355,54.794520548,54.680414860,0.962962963,50,True,0.888925276,1.000000000,0.946915466,0.981818182,0.626967456,0.698975719,True,True,69.861501957,57.416647355,54.743501399,54.68041486,True,True,0.893736913,0.888925276,False,False,False
60.000000000,3,subject6,sit,ir,3,grouped_stable,61.974715688,68.960776830,54.298642534,54.216510543,0.981481481,51,True,0.861540470,1.000000000,0.973492000,0.981818182,0.490851696,0.705138652,True,True,67.961883121,68.96077683,54.251170994,54.216510543,True,True,0.856226825,0.86154047,True,True,True
60.000000000,3,subject6,sit,red,3,grouped_stable,61.974715688,65.661255028,54.298642534,54.215091412,0.981481481,51,True,0.837104209,1.000000000,0.986557336,0.981818182,0.380041318,0.636116085,True,True,66.378015368,65.661255028,54.252770331,54.215091412,True,True,0.82517048,0.837104209,True,True,True
60.000000000,3,subject6,sit,ir,4,grouped_stable,49.882214206,,52.401746725,,0.461538462,20,False,0.898300571,1.000000000,0.982759051,0.981132075,0.629311156,0.774640807,False,False,,,,,False,False,0.884737528,0.898300571,False,False,False
60.000000000,3,subject6,sit,red,4,grouped_stable,49.882214206,,52.401746725,,0.538461538,21,False,0.896683111,1.000000000,0.982759051,0.981132075,0.622841319,0.714889559,False,False,,,,,False,False,0.897151979,0.896683111,False,False,False
60.000000000,3,subject6,sleep,ir,0,grouped_stable,62.931529129,51.008605211,54.545454545,54.732782384,1.000000000,52,True,0.948316516,1.000000000,0.946915466,1.000000000,0.846350598,0.833231013,True,True,51.091453468,51.008605211,54.723275509,54.732782384,True,True,0.947154993,0.948316516,True,True,True
60.000000000,3,subject6,sleep,red,0,grouped_stable,62.931529129,51.777672700,54.545454545,54.631662062,1.000000000,52,True,0.946184625,1.000000000,0.946915466,1.000000000,0.837823033,0.806158876,True,True,52.150574826,51.7776727,54.609803685,54.631662062,True,True,0.940612954,0.946184625,True,True,True
60.000000000,3,subject6,sleep,ir,1,grouped_stable,68.560425282,,50.209205021,,0.520000000,22,False,0.899322502,1.000000000,1.000000000,0.980392157,0.616897850,0.780782445,False,False,,,,,False,False,0.904310756,0.899322502,False,False,False
60.000000000,3,subject6,sleep,red,1,grouped_stable,68.560425282,,50.209205021,,0.540000000,22,False,0.917024757,1.000000000,1.000000000,0.980392157,0.687706870,0.741267572,False,False,,,,,False,False,0.926248682,0.917024757,False,False,False
60.000000000,3,subject6,sleep,ir,2,grouped_stable,93.910323906,,50.739957717,,0.600000000,25,False,0.908091189,1.000000000,0.878466536,0.980769231,0.773128989,0.746197899,False,False,,,,,False,False,0.906904831,0.908091189,False,False,False
60.000000000,3,subject6,sleep,red,2,grouped_stable,93.910323906,,50.739957717,,0.600000000,24,False,0.921699505,1.000000000,0.878466536,0.980769231,0.827562253,0.718999389,False,False,,,,,False,False,0.920739635,0.921699505,False,False,False
60.000000000,3,subject6,sleep,ir,3,grouped_stable,88.673558629,,50.632911392,,0.480000000,18,False,0.942846603,1.000000000,0.931999934,0.980392157,0.858994320,0.778763059,False,False,,,,,False,False,0.95759371,0.942846603,False,False,False
60.000000000,3,subject6,sleep,red,3,grouped_stable,88.673558629,,50.632911392,,0.620000000,27,False,0.955455743,1.000000000,0.965639179,0.980392157,0.875791637,0.762495205,False,False,,,,,False,False,0.960006466,0.955455743,False,False,False
60.000000000,3,subject6,sleep,ir,4,grouped_stable,76.150746354,108.702643891,52.173913043,53.145758200,0.792452830,39,True,0.853081506,1.000000000,0.982759051,0.962962963,0.466604011,0.787801617,True,True,76.553895319,108.702643891,53.246802526,53.1457582,True,True,0.836196772,0.853081506,False,False,False
60.000000000,3,subject6,sleep,red,4,grouped_stable,76.150746354,,52.173913043,,0.660377358,28,False,0.872858455,1.000000000,0.982759051,0.962962963,0.545711806,0.778255390,False,False,105.689120376,,53.100880825,,True,False,0.86210412,0.872858455,False,False,False
60.000000000,4,subject10,sit,ir,0,grouped_stable,29.265704869,34.809700812,83.044982699,84.186081860,1.000000000,81,True,0.803578138,0.563044920,0.972478826,0.988095238,0.690693566,0.403370214,True,True,35.568773918,34.809700812,84.235811036,84.18608186,True,True,0.762571814,0.803578138,True,True,True
60.000000000,4,subject10,sit,red,0,grouped_stable,29.265704869,39.575178208,83.044982699,84.819261695,0.952380952,76,True,0.748061553,0.382276200,0.972478826,0.988235294,0.649255892,0.322024290,True,False,39.645290935,39.575178208,84.996382148,84.819261695,True,True,0.700766109,0.748061553,True,True,False
60.000000000,4,subject10,sit,ir,1,grouped_stable,33.983380201,49.525313957,78.175895765,78.454755682,0.855263158,58,True,0.721619219,0.514450498,0.797648738,0.987012987,0.587364652,0.381502724,True,False,50.09639731,49.525313957,78.433449535,78.454755682,True,True,0.717437228,0.721619219,True,True,False
60.000000000,4,subject10,sit,red,1,grouped_stable,33.983380201,67.612856521,78.175895765,79.431052500,0.840000000,53,True,0.659422851,0.306576388,0.797648738,1.000000000,0.533466279,0.287959375,True,False,76.127897103,67.612856521,80.636014538,79.4310525,True,True,0.643562652,0.659422851,False,False,False
60.000000000,4,subject10,sit,ir,2,grouped_stable,30.658360441,107.706942624,78.431372549,78.956989783,0.835616438,52,True,0.734271339,0.592711998,0.771379763,1.000000000,0.572993595,0.416720399,True,False,63.215695874,107.706942624,79.917694379,78.956989783,True,True,0.72760857,0.734271339,False,False,False
60.000000000,4,subject10,sit,red,2,grouped_stable,30.658360441,68.069134925,78.431372549,80.218477921,0.868421053,57,True,0.620685010,0.346282956,0.653059552,0.961038961,0.522358571,0.305827330,False,False,62.564474158,68.069134925,80.418404111,80.218477921,True,True,0.61546731,0.62068501,True,False,False
60.000000000,4,subject10,sit,ir,3,grouped_stable,55.305213739,,77.419354839,,0.625000000,18,False,0.450794483,0.152088154,0.355238802,0.816326531,0.479524444,0.218439669,False,False,,,,,False,False,0.426571652,0.450794483,False,False,False
60.000000000,4,subject10,sit,red,3,grouped_stable,55.305213739,,77.419354839,,0.479166667,13,False,0.448683921,0.161694450,0.380786190,0.816326531,0.435928513,0.222762502,False,False,,,,,False,False,0.453533716,0.448683921,False,False,False
60.000000000,4,subject10,sit,ir,4,grouped_stable,29.097537124,36.888665087,77.419354839,78.166699807,0.986842105,73,True,0.889490285,1.000000000,0.797648738,0.987012987,0.773299416,0.687676488,True,True,41.748441328,36.888665087,78.126443437,78.166699807,True,True,0.887235505,0.889490285,True,True,True
60.000000000,4,subject10,sit,red,4,grouped_stable,29.097537124,43.581361374,77.419354839,77.581236065,0.961038961,71,True,0.902803817,0.973780199,0.942165370,0.974358974,0.720910727,0.588201089,True,True,46.455679785,43.581361374,77.534425394,77.581236065,True,True,0.865372458,0.902803817,True,True,True
60.000000000,4,subject10,sleep,ir,0,grouped_stable,51.968496589,49.255514106,70.588235294,70.248307890,1.000000000,68,True,0.950682012,1.000000000,0.942873144,1.000000000,0.859854906,0.641413370,True,True,49.401742754,49.255514106,70.26491973,70.24830789,True,True,0.94684446,0.950682012,True,True,True
60.000000000,4,subject10,sleep,red,0,grouped_stable,51.968496589,49.545692137,70.588235294,70.296126905,1.000000000,68,True,0.950058061,1.000000000,0.942873144,1.000000000,0.857359102,0.647904492,True,True,49.800277032,49.545692137,70.339064342,70.296126905,True,True,0.948910119,0.950058061,True,True,True
60.000000000,4,subject10,sleep,ir,1,grouped_stable,53.266200687,64.909607307,66.481994460,66.399824164,0.968750000,59,True,0.912684668,0.973477126,0.875173319,0.955882353,0.846205874,0.588064707,True,True,61.540590977,64.909607307,66.379084398,66.399824164,True,True,0.912782049,0.912684668,True,True,True
60.000000000,4,subject10,sleep,red,1,grouped_stable,53.266200687,67.991219238,66.481994460,66.411211658,0.937500000,57,True,0.903334707,0.950572539,0.875173319,0.955882353,0.831710615,0.577757643,True,True,64.509288122,67.991219238,66.457595731,66.411211658,True,True,0.904008047,0.903334707,True,True,True
60.000000000,4,subject10,sleep,ir,2,grouped_stable,71.291346883,65.863775052,62.827225131,62.963028927,0.966666667,56,True,0.875008567,1.000000000,0.919237712,0.953125000,0.627671557,0.671600447,True,True,66.529369391,65.863775052,62.933848581,62.963028927,True,True,0.850666452,0.875008567,True,True,True
60.000000000,4,subject10,sleep,red,2,grouped_stable,71.291346883,61.485828671,62.827225131,63.693603410,0.934426230,54,True,0.876708658,1.000000000,0.919237712,0.968750000,0.618846920,0.678602315,True,True,66.543569522,61.485828671,62.934327057,63.69360341,True,True,0.849694561,0.876708658,True,True,True
60.000000000,4,subject10,sleep,ir,3,grouped_stable,43.982606755,39.523363342,69.970845481,69.775077882,0.985294118,65,True,0.944449466,1.000000000,0.884195645,0.985507246,0.908094973,0.623895176,True,True,43.092147231,39.523363342,69.881150733,69.775077882,True,True,0.936399967,0.944449466,True,True,True
60.000000000,4,subject10,sleep,red,3,grouped_stable,43.982606755,42.233271460,69.970845481,69.549557579,1.000000000,67,True,0.913012008,1.000000000,0.771959239,0.985507246,0.894581545,0.613195640,True,True,41.52108995,42.23327146,69.590953239,69.549557579,True,True,0.934791952,0.913012008,True,True,True
60.000000000,4,subject10,sleep,ir,4,grouped_stable,46.752210972,44.718992414,66.666666667,66.415303651,1.000000000,63,True,0.951713174,1.000000000,0.935506985,0.984848485,0.886497227,0.701834702,True,True,45.029713537,44.718992414,66.42839493,66.415303651,True,True,0.951842982,0.951713174,True,True,True
60.000000000,4,subject10,sleep,red,4,grouped_stable,46.752210972,44.776281901,66.666666667,66.303900236,1.000000000,63,True,0.948081346,1.000000000,0.935506985,0.984848485,0.871969915,0.682203590,True,True,44.999714838,44.776281901,66.352380623,66.303900236,True,True,0.948670823,0.948081346,True,True,True
60.000000000,4,subject5,sit,ir,0,grouped_stable,22.235442285,19.044756627,95.238095238,94.600304884,1.000000000,93,True,0.869499468,1.000000000,0.760572218,0.968421053,0.749004600,0.675626866,True,True,17.028148306,19.044756627,94.741295609,94.600304884,True,True,0.864672283,0.869499468,True,True,True
60.000000000,4,subject5,sit,red,0,grouped_stable,22.235442285,21.147179099,95.238095238,95.028566827,1.000000000,93,True,0.871826533,1.000000000,0.760572218,0.968421053,0.758312860,0.662578336,True,True,20.213495931,21.147179099,95.181166612,95.028566827,True,True,0.871158007,0.871826533,True,True,True
60.000000000,4,subject5,sit,ir,1,grouped_stable,21.013711880,43.101222829,93.750000000,92.412544008,0.897727273,72,True,0.723198214,0.901741506,0.650008896,0.988764045,0.352278408,0.555783678,True,False,45.479438569,43.101222829,92.28734541,92.412544008,True,True,0.761357543,0.723198214,True,True,False
60.000000000,4,subject5,sit,red,1,grouped_stable,21.013711880,41.879747093,93.750000000,92.430218790,0.943181818,78,True,0.718535228,0.812741764,0.650008896,0.988764045,0.422626209,0.515733794,True,False,44.060683701,41.879747093,92.957874768,92.43021879,True,True,0.752665983,0.718535228,True,True,False
60.000000000,4,subject5,sit,ir,2,grouped_stable,25.733556091,70.071744857,90.225563910,89.572913391,0.920454545,75,True,0.685254823,0.458598775,0.894839317,0.988888889,0.398692312,0.356369449,True,False,37.168669048,70.071744857,89.004207673,89.572913391,True,True,0.706884303,0.685254823,False,False,False
60.000000000,4,subject5,sit,red,2,grouped_stable,25.733556091,37.193219132,90.225563910,89.815528062,0.837209302,63,True,0.696934106,0.435108686,1.000000000,0.966666667,0.385961071,0.345798909,True,False,35.859349797,37.193219132,89.629702901,89.815528062,True,True,0.683500902,0.696934106,True,True,False
60.000000000,4,subject5,sit,ir,3,grouped_stable,27.960055541,34.214655723,86.642599278,89.223680531,0.898876404,74,True,0.690068729,0.704702959,0.559625312,0.911111111,0.584835532,0.467116332,True,False,51.214768461,34.214655723,88.473629735,89.223680531,True,True,0.688831308,0.690068729,False,False,False
60.000000000,4,subject5,sit,red,3,grouped_stable,27.960055541,30.379743836,86.642599278,87.760914127,0.885057471,69,True,0.668434084,0.646435262,0.559625312,0.931818182,0.535857581,0.440895868,True,False,51.596753998,30.379743836,88.897660803,87.760914127,True,True,0.623682747,0.668434084,False,False,False
60.000000000,4,subject5,sit,ir,4,grouped_stable,27.380880988,,88.888888889,,0.047619048,0,False,0.418951874,0.358784953,0.134021359,0.671875000,0.511126185,0.311453229,False,False,,,,,False,False,0.427235467,0.418951874,False,False,False
60.000000000,4,subject5,sit,red,4,grouped_stable,27.380880988,,88.888888889,,0.732142857,29,False,0.522384002,0.442902728,0.446439399,0.877192982,0.323000900,0.349306227,False,False,110.415938644,,65.611166842,,True,False,0.521903149,0.522384002,False,False,False
60.000000000,4,subject5,sleep,ir,0,grouped_stable,31.527564793,30.712504572,81.081081081,80.220660611,1.000000000,80,True,0.839033868,1.000000000,0.818730753,0.951219512,0.586185208,0.737119980,True,True,55.273044058,30.712504572,79.52937869,80.220660611,True,True,0.904089462,0.839033868,False,False,False
60.000000000,4,subject5,sleep,red,0,grouped_stable,31.527564793,102.991719494,81.081081081,73.652933756,0.737704918,34,True,0.477880617,0.481521450,0.218039962,0.870967742,0.340993313,0.366684652,False,False,97.722202653,102.991719494,73.210427975,73.652933756,True,True,0.458750697,0.477880617,True,False,False
60.000000000,4,subject5,sleep,ir,1,grouped_stable,27.748873851,33.126268172,94.488188976,94.651997596,0.923076923,77,True,0.402177553,0.537339604,0.013930366,0.565217391,0.492222851,0.391802822,False,False,33.649257159,33.126268172,94.257959006,94.651997596,True,True,0.412933801,0.402177553,True,False,False
60.000000000,4,subject5,sleep,red,1,grouped_stable,27.748873851,,94.488188976,,0.661538462,29,False,0.509893149,0.753930002,0.060810063,0.787878788,0.436953744,0.489268501,False,False,118.088739025,,86.971586233,,True,False,0.504239544,0.509893149,False,False,False
60.000000000,4,subject5,sleep,ir,2,grouped_stable,29.840108893,36.952937293,83.333333333,84.221522802,0.952941176,78,True,0.849581936,1.000000000,0.972478826,0.976744186,0.449104732,0.616945764,True,True,38.635541365,36.952937293,84.502643552,84.221522802,True,True,0.804015407,0.849581936,True,True,True
60.000000000,4,subject5,sleep,red,2,grouped_stable,29.840108893,52.530550653,83.333333333,83.751550237,0.862500000,60,True,0.573381956,0.119012290,0.803979250,0.964285714,0.406250568,0.203555531,False,False,57.30179533,52.530550653,84.203656878,83.751550237,True,True,0.57565451,0.573381956,True,False,False
60.000000000,4,subject5,sleep,ir,3,grouped_stable,28.941965425,60.375492000,96.774193548,79.129299888,0.745762712,37,True,0.400179115,0.138360580,0.064123859,0.766666667,0.631565355,0.212262261,False,False,81.559548416,60.375492,79.678798304,79.129299888,True,True,0.386549059,0.400179115,False,False,False
60.000000000,4,subject5,sleep,red,3,grouped_stable,28.941965425,,96.774193548,,0.560000000,17,False,0.565464204,0.332558469,0.763057008,0.941176471,0.225064868,0.299651311,False,False,,,,,False,False,0.574209912,0.565464204,False,False,False
60.000000000,4,subject5,sleep,ir,4,grouped_stable,27.753866549,47.837604683,83.044982699,80.884914878,0.891891892,59,True,0.480395971,0.663819672,0.060810063,0.693333333,0.503620814,0.448718852,False,False,32.969501583,47.837604683,80.967072333,80.884914878,True,True,0.525641369,0.480395971,False,False,False
60.000000000,4,subject5,sleep,red,4,grouped_stable,27.753866549,,83.044982699,,0.489361702,13,False,0.733433137,0.863845787,0.670320046,0.888888889,0.510677826,0.538730604,False,False,,,,,False,False,0.735029705,0.733433137,False,False,False
60.000000000,5,subject1,sit,ir,0,grouped_stable,28.092511265,29.502603936,74.074074074,74.434020189,1.000000000,72,True,0.918934825,1.000000000,0.904837418,0.973684211,0.797217672,0.850727287,True,True,27.278020405,29.502603936,74.192021617,74.434020189,True,True,0.927213895,0.918934825,True,True,True
60.000000000,5,subject1,sit,red,0,grouped_stable,28.092511265,26.737328592,74.074074074,74.129950052,1.000000000,72,True,0.929084265,1.000000000,0.904837418,0.973684211,0.837815431,0.853685924,True,True,26.734408141,26.737328592,74.178845472,74.129950052,True,True,0.928245083,0.929084265,True,True,True
60.000000000,5,subject1,sit,ir,1,grouped_stable,28.653097564,24.224839905,75.235109718,74.952000055,1.000000000,73,True,0.900133418,1.000000000,0.904837418,0.986842105,0.708854148,0.877415644,True,True,24.056493372,24.224839905,74.940212674,74.952000055,True,True,0.899158559,0.900133418,True,True,True
60.000000000,5,subject1,sit,red,1,grouped_stable,28.653097564,24.456787757,75.235109718,74.931454112,1.000000000,73,True,0.894861299,1.000000000,0.904837418,0.986842105,0.687765671,0.880345438,True,True,24.358209218,24.456787757,74.933688072,74.931454112,True,True,0.89612712,0.894861299,True,True,True
60.000000000,5,subject1,sit,ir,2,grouped_stable,28.573385452,32.500061992,74.766355140,75.395302927,0.986301370,70,True,0.865453916,1.000000000,0.904837418,0.973684211,0.583294035,0.782159953,True,True,26.556740961,32.500061992,74.701918858,75.395302927,True,True,0.874543377,0.865453916,False,False,False
60.000000000,5,subject1,sit,red,2,grouped_stable,28.573385452,27.210084131,74.766355140,74.697667100,1.000000000,72,True,0.865939545,1.000000000,0.904837418,0.973684211,0.585236550,0.782156825,True,True,26.598771993,27.210084131,74.647331468,74.6976671,True,True,0.860610167,0.865939545,True,True,True
60.000000000,5,subject1,sit,ir,3,grouped_stable,27.379874621,26.357366538,74.074074074,74.470156833,1.000000000,72,True,0.945995020,1.000000000,0.948321950,1.000000000,0.835658130,0.824786188,True,True,26.303662143,26.357366538,74.439531558,74.470156833,True,True,0.937055467,0.94599502,True,True,True
60.000000000,5,subject1,sit,red,3,grouped_stable,27.379874621,26.413849218,74.074074074,74.376032159,1.000000000,72,True,0.946230371,1.000000000,0.948321950,1.000000000,0.836599534,0.826006366,True,True,26.336009029,26.413849218,74.419858852,74.376032159,True,True,0.937317131,0.946230371,True,True,True
60.000000000,5,subject1,sit,ir,4,grouped_stable,31.438132330,28.744728332,73.394495413,73.785664230,1.000000000,71,True,0.913000851,1.000000000,0.863346834,0.986301370,0.802355201,0.798155259,True,True,28.682103738,28.744728332,73.763665695,73.78566423,True,True,0.94925214,0.913000851,True,True,True
60.000000000,5,subject1,sit,red,4,grouped_stable,31.438132330,28.504325973,73.394495413,73.710662515,1.000000000,71,True,0.915482675,1.000000000,0.863346834,0.986301370,0.812282496,0.795526780,True,True,28.406407521,28.504325973,73.697156361,73.710662515,True,True,0.912403481,0.915482675,True,True,True
60.000000000,5,subject1,sleep,ir,0,grouped_stable,60.606502524,11.633679980,54.054054054,54.175909581,1.000000000,52,True,0.973807430,1.000000000,0.973492000,1.000000000,0.921737722,0.861460550,True,True,12.685905571,11.63367998,54.217812645,54.175909581,True,True,0.967561961,0.97380743,True,True,True
60.000000000,5,subject1,sleep,red,0,grouped_stable,60.606502524,11.325992475,54.054054054,54.275523640,1.000000000,52,True,0.970546047,1.000000000,0.973492000,1.000000000,0.908692187,0.864530290,True,True,12.234679396,11.325992475,54.22761099,54.27552364,True,True,0.964757691,0.970546047,True,True,True
60.000000000,5,subject1,sleep,ir,1,grouped_stable,88.538979796,51.446879782,54.669703872,54.411390114,1.000000000,53,True,0.889242375,1.000000000,0.946915466,0.981818182,0.628235853,0.844924786,True,True,49.777064887,51.446879782,54.525823159,54.411390114,True,True,0.889472949,0.889242375,True,True,True
60.000000000,5,subject1,sleep,red,1,grouped_stable,88.538979796,52.591778462,54.669703872,54.414815882,1.000000000,53,True,0.877254237,1.000000000,0.946915466,0.981818182,0.580283298,0.842927799,True,True,49.189266322,52.591778462,54.516082925,54.414815882,True,True,0.877577896,0.877254237,True,True,True
60.000000000,5,subject1,sleep,ir,2,grouped_stable,83.196361792,22.622966043,51.724137931,52.349064266,1.000000000,50,True,0.877771198,1.000000000,0.982759051,1.000000000,0.528325741,0.842870305,True,True,87.082294376,22.622966043,52.779601989,52.349064266,True,True,0.850106136,0.877771198,False,False,False
60.000000000,5,subject1,sleep,red,2,grouped_stable,83.196361792,23.763765582,51.724137931,52.359703328,1.000000000,50,True,0.894661952,1.000000000,0.982759051,1.000000000,0.595888758,0.829796612,True,True,23.509786576,23.763765582,52.279081916,52.359703328,True,True,0.87452611,0.894661952,True,True,True
60.000000000,5,subject1,sleep,ir,3,grouped_stable,89.765489679,37.211149900,51.835853132,51.653294388,1.000000000,50,True,0.835762458,1.000000000,0.866877900,0.961538462,0.514633473,0.852342057,True,True,36.302664098,37.2111499,51.551663437,51.653294388,True,True,0.835689894,0.835762458,True,True,True
60.000000000,5,subject1,sleep,red,3,grouped_stable,89.765489679,35.844538770,51.835853132,51.590064975,1.000000000,50,True,0.869876878,1.000000000,0.866877900,0.961538462,0.651091151,0.838088267,True,True,36.127597513,35.84453877,51.482166582,51.590064975,True,True,0.868029938,0.869876878,True,True,True
60.000000000,5,subject1,sleep,ir,4,grouped_stable,76.728565263,35.907584234,55.427251732,55.584970430,1.000000000,54,True,0.785904400,1.000000000,0.870696739,0.964285714,0.308635148,0.879040624,True,True,34.598734902,35.907584234,55.694682491,55.58497043,True,True,0.804593051,0.7859044,True,True,True
60.000000000,5,subject1,sleep,red,4,grouped_stable,76.728565263,34.360366419,55.427251732,55.586460679,1.000000000,54,True,0.805474953,1.000000000,0.940316779,1.000000000,0.281583032,0.872942958,True,True,114.145911812,34.360366419,56.011046379,55.586460679,True,True,0.813316351,0.805474953,False,False,False
60.000000000,5,subject4,sit,ir,0,grouped_stable,30.047581315,71.928382532,69.767441860,66.140889944,0.745762712,35,True,0.502893556,0.800286774,0.268262453,0.833333333,0.109691662,0.510129048,False,False,72.06471616,71.928382532,66.105162176,66.140889944,True,True,0.503486797,0.502893556,True,False,False
60.000000000,5,subject4,sit,red,0,grouped_stable,30.047581315,,69.767441860,,0.666666667,29,False,0.505246644,0.705991970,0.405903698,0.909090909,0.000000000,0.467696387,False,False,96.580714911,,63.532370303,,True,False,0.51510155,0.505246644,False,False,False
60.000000000,5,subject4,sit,ir,1,grouped_stable,23.879292038,,68.571428571,,0.666666667,31,False,0.612062707,0.328068368,0.775268813,0.852941176,0.491972472,0.297630766,False,False,89.447340675,,68.67942099,,True,False,0.611121908,0.612062707,False,False,False
60.000000000,5,subject4,sit,red,1,grouped_stable,23.879292038,,68.571428571,,0.311111111,10,False,0.570232605,0.695980065,0.514343029,0.913043478,0.157563848,0.463191029,False,False,,,,,False,False,0.554119917,0.570232605,False,False,False
60.000000000,5,subject4,sit,ir,2,grouped_stable,16.455231627,88.339981177,72.727272727,74.178739400,0.739130435,40,True,0.669321813,0.434645297,0.818730753,0.945945946,0.477965256,0.345590384,True,False,78.047263936,88.339981177,73.157093206,74.1787394,True,True,0.666798357,0.669321813,False,False,False
60.000000000,5,subject4,sit,red,2,grouped_stable,16.455231627,102.423645146,72.727272727,74.641780148,0.728571429,39,True,0.591007991,0.332755003,0.818730753,0.959459459,0.253086750,0.299739751,False,False,84.548924344,102.423645146,76.198007381,74.641780148,True,True,0.60646634,0.591007991,False,False,False
60.000000000,5,subject4,sit,ir,3,grouped_stable,24.906073556,,65.573770492,,0.423076923,16,False,0.581594769,0.927816506,0.419248549,0.905660377,0.073653643,0.567517428,False,False,,,,,False,False,0.555201049,0.581594769,False,False,False
60.000000000,5,subject4,sit,red,3,grouped_stable,24.906073556,124.287616856,65.573770492,64.482637188,0.724137931,34,True,0.609167444,0.963897019,0.470553248,0.915254237,0.086965272,0.583753658,False,False,154.851722621,124.287616856,63.641388981,64.482637188,True,True,0.634437691,0.609167444,False,False,False
60.000000000,5,subject4,sit,ir,4,grouped_stable,30.559302475,111.342803178,61.855670103,60.564908244,0.719298246,31,True,0.510810341,0.735452195,0.246596964,0.793103448,0.268088758,0.480953488,False,False,113.074559039,111.342803178,61.802461987,60.564908244,True,True,0.493110114,0.510810341,True,False,False
60.000000000,5,subject4,sit,red,4,grouped_stable,30.559302475,,61.855670103,,0.541666667,18,False,0.524064762,0.560389738,0.443288786,0.938775510,0.153805016,0.402175382,False,False,,,,,False,False,0.503958852,0.524064762,False,False,False
60.000000000,5,subject4,sleep,ir,0,grouped_stable,79.445191557,22.667536416,52.401746725,52.473196025,0.961538462,47,True,0.935584467,1.000000000,0.910175676,0.981132075,0.851030116,0.840842965,True,True,54.53991322,22.667536416,52.506618589,52.473196025,True,True,0.936008647,0.935584467,False,False,False
60.000000000,5,subject4,sleep,red,0,grouped_stable,79.445191557,27.881774856,52.401746725,52.464351685,0.961538462,47,True,0.950131018,1.000000000,0.982759051,0.981132075,0.836632944,0.833859571,True,True,57.254068272,27.881774856,52.390760817,52.464351685,True,True,0.94178699,0.950131018,False,False,False
60.000000000,5,subject4,sleep,ir,1,grouped_stable,86.602540378,30.661684326,48.780487805,49.137423650,0.979166667,45,True,0.940372394,1.000000000,0.873597850,0.980000000,0.907891725,0.819746409,True,True,37.127311455,30.661684326,48.933360157,49.13742365,True,True,0.939960212,0.940372394,False,False,False
60.000000000,5,subject4,sleep,red,1,grouped_stable,86.602540378,28.054637984,48.780487805,49.277781171,0.916666667,42,True,0.940384794,1.000000000,0.902992694,0.980000000,0.878546482,0.756041881,True,True,34.369547902,28.054637984,49.078674837,49.277781171,True,True,0.938463526,0.940384794,False,False,False
60.000000000,5,subject4,sleep,ir,2,grouped_stable,81.073252929,77.707169246,46.601941748,49.532460750,0.770833333,32,True,0.906902012,1.000000000,0.818730753,0.980000000,0.828877294,0.812308347,True,True,,77.707169246,,49.53246075,False,True,0.848018139,0.906902012,False,False,False
60.000000000,5,subject4,sleep,red,2,grouped_stable,81.073252929,,46.601941748,,0.553191489,20,False,0.872264767,1.000000000,0.818730753,0.960000000,0.710328314,0.813556187,False,False,120.74009281,,49.382707129,,True,False,0.880565787,0.872264767,False,False,False
60.000000000,5,subject4,sleep,ir,3,grouped_stable,59.268591661,75.568123961,47.808764940,47.871442520,1.000000000,46,True,0.934889860,1.000000000,0.938795231,1.000000000,0.800764210,0.829869748,True,True,70.783883906,75.568123961,47.774623393,47.87144252,True,True,0.935248974,0.93488986,True,True,True
60.000000000,5,subject4,sleep,red,3,grouped_stable,59.268591661,,47.808764940,,0.510638298,18,False,0.938085773,1.000000000,1.000000000,1.000000000,0.752343090,0.839554183,False,False,70.245595952,,47.924815325,,True,False,0.929201692,0.938085773,False,False,False
60.000000000,5,subject4,sleep,ir,4,grouped_stable,51.022160573,12.384915450,47.619047619,47.705969574,0.978723404,45,True,0.949375471,1.000000000,0.938795231,1.000000000,0.858706652,0.833867642,True,True,16.158837894,12.38491545,47.677180045,47.705969574,True,True,0.958176183,0.949375471,True,True,True
60.000000000,5,subject4,sleep,red,4,grouped_stable,51.022160573,,47.619047619,,0.586956522,22,False,0.961392441,1.000000000,1.000000000,0.979166667,0.866403098,0.853184501,False,False,14.605816049,,47.655598488,,True,False,0.950629812,0.961392441,False,False,False
60.000000000,-1,subject10,office,ir,0,office_stress,39.020141319,,87.591240876,,0.066666667,1,False,0.686256522,0.917112188,0.540432996,0.869565217,0.417915686,0.562700484,False,False,,,,,False,False,0.654558463,0.686256522,False,False,False
60.000000000,-1,subject10,office,red,0,office_stress,39.020141319,,87.591240876,,0.266666667,8,False,0.635310374,0.829337163,0.572947021,0.869565217,0.269392095,0.523201724,False,False,,,,,False,False,0.628769172,0.635310374,False,False,False
60.000000000,-1,subject10,office,ir,1,office_stress,56.157087006,,82.191780822,,0.333333333,6,False,0.468428853,0.339194376,0.464039670,0.875000000,0.195481365,0.302637469,False,False,,,,,False,False,0.467440511,0.468428853,False,False,False
60.000000000,-1,subject10,office,red,1,office_stress,56.157087006,,82.191780822,,0.666666667,28,False,0.436552346,0.329029906,0.436672659,0.918032787,0.062474033,0.298063458,False,False,142.058633275,,74.405372732,,True,False,0.407011335,0.436552346,False,False,False
60.000000000,-1,subject10,office,ir,2,office_stress,32.948694031,,80.000000000,,0.000000000,0,False,0.579207925,0.540888869,0.770777888,0.930232558,0.074932383,0.393399991,False,False,,,,,False,False,0.519842735,0.579207925,False,False,False
60.000000000,-1,subject10,office,red,2,office_stress,32.948694031,,80.000000000,,0.023255814,0,False,0.507927917,0.414260993,0.700784011,0.916666667,0.000000000,0.336417447,False,False,,,,,False,False,0.53328501,0.507927917,False,False,False
60.000000000,-1,subject10,office,ir,3,office_stress,47.684625713,110.749896591,87.912087912,77.860906978,0.714285714,32,True,0.424145563,0.409022511,0.146156557,0.781250000,0.360153183,0.334060130,False,False,117.030732774,110.749896591,75.846187916,77.860906978,True,True,0.430469378,0.424145563,False,False,False
60.000000000,-1,subject10,office,red,3,office_stress,47.684625713,,87.912087912,,0.088888889,2,False,0.584768860,0.470059317,0.606530660,0.920000000,0.342485464,0.361526693,False,False,,,,,False,False,0.58599911,0.58476886,False,False,False
60.000000000,-1,subject10,office,ir,4,office_stress,32.487003638,,77.419354839,,0.652173913,32,False,0.599722076,0.274762079,0.904837418,0.921052632,0.298236176,0.273642935,False,False,71.076627468,,78.800105832,,True,False,0.563053389,0.599722076,False,False,False
60.000000000,-1,subject10,office,red,4,office_stress,32.487003638,76.394938391,77.419354839,79.338351165,0.718309859,35,True,0.607920503,0.249216090,0.904837418,0.947368421,0.330260084,0.262147240,False,False,81.566818364,76.394938391,79.741796837,79.338351165,True,True,0.609481774,0.607920503,True,False,False
60.000000000,-1,subject11,office,ir,0,office_stress,14.493480452,,83.916083916,,0.562500000,16,False,0.510045991,0.604130173,0.251227758,0.857142857,0.327683178,0.421858578,False,False,,,,,False,False,0.482773178,0.510045991,False,False,False
60.000000000,-1,subject11,office,red,0,office_stress,14.493480452,,83.916083916,,0.711864407,28,False,0.446567148,0.581804946,0.084867279,0.700000000,0.419596367,0.411812226,False,False,80.028145688,,71.140292585,,True,False,0.443289953,0.446567148,False,False,False
60.000000000,-1,subject11,office,ir,1,office_stress,33.864224696,,76.923076923,,0.404255319,12,False,0.652316786,0.676120622,0.511492409,0.916666667,0.504987446,0.454254280,False,False,,,,,False,False,0.560052652,0.652316786,False,False,False
60.000000000,-1,subject11,office,red,1,office_stress,33.864224696,,76.923076923,,0.540000000,19,False,0.611781114,0.784837190,0.348350733,0.862745098,0.451191437,0.503176735,False,False,,,,,False,False,0.612019921,0.611781114,False,False,False
60.000000000,-1,subject11,office,ir,2,office_stress,26.333657901,56.873461076,68.181818182,64.923852778,0.888888889,51,True,0.662530534,0.949622604,0.357517335,0.843750000,0.499232197,0.577330172,True,False,63.832272168,56.873461076,64.995599615,64.923852778,True,True,0.662325401,0.662530534,False,False,False
60.000000000,-1,subject11,office,red,2,office_stress,26.333657901,63.692792667,68.181818182,64.628584454,0.885245902,49,True,0.604975974,0.689809256,0.400200554,0.870967742,0.458926346,0.460414165,False,False,78.978303879,63.692792667,64.662638733,64.628584454,True,True,0.586316445,0.604975974,False,False,False
60.000000000,-1,subject11,office,ir,3,office_stress,34.294844564,110.880080768,84.210526316,63.103001892,0.854838710,46,True,0.794019210,0.975392753,0.729212953,0.952380952,0.519090180,0.588926739,True,True,120.036859259,110.880080768,63.650184805,63.103001892,True,True,0.762664659,0.79401921,True,True,True
60.000000000,-1,subject11,office,red,3,office_stress,34.294844564,102.885316543,84.210526316,63.692266673,0.825396825,42,True,0.793072938,1.000000000,0.729212953,0.937500000,0.505578800,0.601479053,True,True,99.519865599,102.885316543,63.494656458,63.692266673,True,True,0.815932039,0.793072938,True,True,True
60.000000000,-1,subject11,office,ir,4,office_stress,32.831641242,50.972457966,62.500000000,63.001119702,0.950819672,55,True,0.890451657,1.000000000,0.993127175,1.000000000,0.568679452,0.652416131,True,True,52.711495985,50.972457966,62.916916165,63.001119702,True,True,0.88491068,0.890451657,True,True,True
60.000000000,-1,subject11,office,red,4,office_stress,32.831641242,86.959025865,62.500000000,64.177815074,0.741935484,34,True,0.688041607,0.552357812,0.665713054,0.920634921,0.613460643,0.398561015,True,False,93.928182551,86.959025865,64.108095032,64.177815074,True,True,0.687380697,0.688041607,True,True,False
60.000000000,-1,subject12,office,ir,0,office_stress,20.735247649,31.812482597,107.142857143,108.463775874,0.971428571,98,True,0.616446871,0.237882893,0.913100716,0.963636364,0.351167512,0.257047302,False,False,33.558637056,31.812482597,108.945515725,108.463775874,True,True,0.553762413,0.616446871,True,False,False
60.000000000,-1,subject12,office,red,0,office_stress,20.735247649,73.249246681,107.142857143,83.296324701,0.794520548,44,True,0.417981377,0.328008023,0.240247183,0.864864865,0.238805436,0.297603610,False,False,95.467159489,73.249246681,85.984257199,83.296324701,True,True,0.390972827,0.417981377,False,False,False
60.000000000,-1,subject12,office,ir,1,office_stress,20.751505969,,99.173553719,,0.365853659,10,False,0.642262818,0.786597749,0.421108455,0.952380952,0.408964117,0.503968987,False,False,,,,,False,False,0.636324691,0.642262818,False,False,False
60.000000000,-1,subject12,office,red,1,office_stress,20.751505969,,99.173553719,,0.100000000,1,False,0.704962012,0.698872918,0.850569026,0.975609756,0.294796346,0.464492813,False,False,,,,,False,False,0.672320633,0.704962012,False,False,False
60.000000000,-1,subject12,office,ir,2,office_stress,30.639443699,,104.347826087,,0.073170732,1,False,0.655313435,0.657025963,0.572947021,0.952380952,0.438899802,0.445661683,False,False,,,,,False,False,0.618857257,0.655313435,False,False,False
60.000000000,-1,subject12,office,red,2,office_stress,30.639443699,,104.347826087,,0.069767442,1,False,0.487566294,0.140429407,0.676891759,0.909090909,0.223853100,0.213193233,False,False,,,,,False,False,0.480645045,0.487566294,False,False,False
60.000000000,-1,subject12,office,ir,3,office_stress,13.318058780,,116.504854369,,0.297872340,10,False,0.599985488,0.446384235,0.759325549,0.916666667,0.277565502,0.350872906,False,False,,,,,False,False,0.588588744,0.599985488,False,False,False
60.000000000,-1,subject12,office,red,3,office_stress,13.318058780,,116.504854369,,0.361702128,11,False,0.564619579,0.454946354,0.628219994,0.916666667,0.258645300,0.354725859,False,False,,,,,False,False,0.588383432,0.564619579,False,False,False
60.000000000,-1,subject12,office,ir,4,office_stress,26.855847764,48.036909658,93.023255814,96.885074297,0.911111111,75,True,0.597308977,0.213583898,0.818730753,0.928571429,0.428349829,0.246112754,False,False,45.547572698,48.036909658,95.714545405,96.885074297,True,True,0.57982614,0.597308977,True,False,False
60.000000000,-1,subject12,office,red,4,office_stress,26.855847764,,93.023255814,,0.108695652,2,False,0.551534951,0.579678662,0.508991137,0.851063830,0.266406174,0.410855398,False,False,,,,,False,False,0.552196904,0.551534951,False,False,False
60.000000000,-1,subject1,office,ir,0,office_stress,31.356247953,73.264454937,71.005917160,84.635928455,0.913580247,68,True,0.702792928,0.553120097,0.981982474,1.000000000,0.276069142,0.398904044,True,False,59.242284976,73.264454937,86.019973386,84.635928455,True,True,0.606595494,0.702792928,False,False,False
60.000000000,-1,subject1,office,red,0,office_stress,31.356247953,49.046591701,71.005917160,85.788528106,0.902439024,67,True,0.552224294,0.531197095,0.689748272,0.987951807,0.000000000,0.389038693,False,False,70.122088679,49.046591701,87.020796543,85.788528106,True,True,0.612317371,0.552224294,False,False,False
60.000000000,-1,subject1,office,ir,1,office_stress,57.912919543,64.733944392,71.428571429,69.561680001,0.873015873,51,True,0.508219870,0.412091378,0.248465114,0.843750000,0.528572989,0.335441120,False,False,80.707716623,64.733944392,69.216294512,69.561680001,True,True,0.52001818,0.50821987,False,False,False
60.000000000,-1,subject1,office,red,1,office_stress,57.912919543,75.284263601,71.428571429,67.798517773,0.819672131,43,True,0.556296038,0.422820327,0.318079303,0.870967742,0.613316778,0.340269147,False,False,73.49111838,75.284263601,68.712677468,67.798517773,True,True,0.515395022,0.556296038,True,False,False
60.000000000,-1,subject1,office,ir,2,office_stress,44.851716473,43.698910723,76.824583867,78.357586137,0.927536232,58,True,0.564527480,0.886278394,0.127508217,0.800000000,0.444323310,0.548825277,False,False,41.158886695,43.698910723,79.356790813,78.357586137,True,True,0.538587346,0.56452748,True,False,False
60.000000000,-1,subject1,office,red,2,office_stress,44.851716473,50.698824914,76.824583867,77.964907609,0.913043478,57,True,0.556654931,0.609185742,0.174306720,0.800000000,0.643127264,0.424133584,False,False,52.989097991,50.698824914,77.831761356,77.964907609,True,True,0.494124457,0.556654931,True,False,False
60.000000000,-1,subject1,office,ir,3,office_stress,50.470847542,,79.207920792,,0.377358491,11,False,0.692863720,0.575801474,0.818730753,0.888888889,0.488033766,0.409110663,False,False,,,,,False,False,0.687416904,0.69286372,False,False,False
60.000000000,-1,subject1,office,red,3,office_stress,50.470847542,,79.207920792,,0.603773585,26,False,0.631576821,0.542362248,0.763057008,0.888888889,0.331999140,0.394063012,False,False,,,,,False,False,0.643486885,0.631576821,False,False,False
60.000000000,-1,subject1,office,ir,4,office_stress,72.662401291,48.644518885,56.603773585,57.021426467,1.000000000,56,True,0.860936160,1.000000000,0.917856438,1.000000000,0.525888203,0.871747967,True,True,48.14424929,48.644518885,57.036974547,57.021426467,True,True,0.84120949,0.86093616,True,True,True
60.000000000,-1,subject1,office,red,4,office_stress,72.662401291,51.952935550,56.603773585,57.074431409,0.982456140,54,True,0.870578538,1.000000000,0.917856438,1.000000000,0.564457712,0.870677822,True,True,50.713645096,51.95293555,57.15439226,57.074431409,True,True,0.850947584,0.870578538,True,True,True
60.000000000,-1,subject2,office,ir,0,office_stress,37.285250079,76.422483715,82.191780822,73.809293015,0.904109589,60,True,0.844547204,1.000000000,0.863346834,0.972972973,0.541869008,0.636547321,True,True,77.26850452,76.422483715,73.269244097,73.809293015,True,True,0.813123685,0.844547204,True,True,True
60.000000000,-1,subject2,office,red,0,office_stress,37.285250079,64.844627726,82.191780822,74.186033783,0.873239437,57,True,0.835396948,0.996051232,0.863346834,1.000000000,0.482189726,0.598223054,True,True,66.073736766,64.844627726,74.74302904,74.186033783,True,True,0.788945469,0.835396948,True,True,True
60.000000000,-1,subject2,office,ir,1,office_stress,43.889814188,,79.734219269,,0.279069767,4,False,0.607456090,0.911360451,0.418774565,0.954545455,0.145143888,0.560112203,False,False,,,,,False,False,0.630538022,0.60745609,False,False,False
60.000000000,-1,subject2,office,red,1,office_stress,43.889814188,,79.734219269,,0.266666667,6,False,0.668746784,0.858361344,0.660086353,0.913043478,0.243495959,0.536262605,False,False,,,,,False,False,0.612165556,0.668746784,False,False,False
60.000000000,-1,subject2,office,ir,2,office_stress,43.888191274,62.650271678,71.727435744,72.565629602,0.890410959,58,True,0.572286732,0.000000000,0.942873144,0.945945946,0.400327839,0.124800985,False,False,106.795772848,62.650271678,73.688059528,72.565629602,True,True,0.578835552,0.572286732,False,False,False
60.000000000,-1,subject2,office,red,2,office_stress,43.888191274,72.215379437,71.727435744,86.022010407,0.804878049,55,True,0.404805099,0.149000154,0.131610697,0.798076923,0.540532622,0.217050069,False,False,79.466143904,72.215379437,88.091232881,86.022010407,True,True,0.396004578,0.404805099,False,False,False
60.000000000,-1,subject2,office,ir,3,office_stress,36.964531965,,81.632653061,,0.266666667,6,False,0.812263597,0.850588818,0.871665615,0.913043478,0.613756478,0.532764968,False,False,,,,,False,False,0.668799347,0.812263597,False,False,False
60.000000000,-1,subject2,office,red,3,office_stress,36.964531965,,81.632653061,,0.045454545,1,False,0.781568014,0.788098226,0.894601201,0.933333333,0.510239295,0.504644202,False,False,,,,,False,False,0.743536878,0.781568014,False,False,False
60.000000000,-1,subject2,office,ir,4,office_stress,22.137490670,46.849345411,72.948328267,73.778209922,0.971830986,67,True,0.746650530,1.000000000,0.863346834,1.000000000,0.123255286,0.885907446,True,False,58.260552809,46.849345411,73.571359658,73.778209922,True,True,0.763040968,0.74665053,False,False,False
60.000000000,-1,subject2,office,red,4,office_stress,22.137490670,57.887143270,72.948328267,73.310014619,0.901408451,58,True,0.834420788,1.000000000,1.000000000,1.000000000,0.337683150,0.828943508,True,True,56.277814259,57.88714327,74.314888219,73.310014619,True,True,0.82072978,0.834420788,True,True,True
60.000000000,-1,subject3,office,ir,0,office_stress,31.082306158,34.962232900,86.330935252,85.828769236,0.888888889,65,True,0.461865860,0.107714384,0.462352093,0.951219512,0.326177450,0.198471473,False,False,41.003057307,34.9622329,85.915976517,85.828769236,True,True,0.470015658,0.46186586,False,False,False
60.000000000,-1,subject3,office,red,0,office_stress,31.082306158,,86.330935252,,0.260869565,6,False,0.304015207,0.174738594,0.257988902,0.783333333,0.000000000,0.228632367,False,False,,,,,False,False,0.318037707,0.304015207,False,False,False
60.000000000,-1,subject3,office,ir,1,office_stress,47.646016173,51.554965423,78.947368421,81.418306643,0.835443038,58,True,0.684629078,0.367912822,0.818730753,0.975609756,0.576262981,0.315560770,True,False,55.093384246,51.554965423,80.591475984,81.418306643,True,True,0.646367071,0.684629078,True,False,False
60.000000000,-1,subject3,office,red,1,office_stress,47.646016173,,78.947368421,,0.689655172,32,False,0.399981019,0.354830316,0.103657129,0.745762712,0.395673921,0.309673642,False,False,77.236880588,,73.186539587,,True,False,0.379565078,0.399981019,False,False,False
60.000000000,-1,subject3,office,ir,2,office_stress,54.157438723,,73.619631902,,0.654545455,29,False,0.531623968,0.811781513,0.103657129,0.785714286,0.425342946,0.515301681,False,False,,,,,False,False,0.530395509,0.531623968,False,False,False
60.000000000,-1,subject3,office,red,2,office_stress,54.157438723,,73.619631902,,0.615384615,23,False,0.628149148,0.988180627,0.212160286,0.830188679,0.482066999,0.594681282,False,False,,,,,False,False,0.58872947,0.628149148,False,False,False
60.000000000,-1,subject3,office,ir,3,office_stress,45.913379984,,83.916083916,,0.377358491,12,False,0.714136457,0.937591405,0.624738239,0.851851852,0.442364333,0.571916132,False,False,130.686808091,,62.610894577,,True,False,0.630656394,0.714136457,False,False,False
60.000000000,-1,subject3,office,red,3,office_stress,45.913379984,,83.916083916,,0.641509434,26,False,0.631233811,0.906382097,0.425476546,0.851851852,0.341224748,0.557871944,False,False,128.814116289,,65.708434524,,True,False,0.596784823,0.631233811,False,False,False
60.000000000,-1,subject3,office,ir,4,office_stress,40.350030979,,75.235109718,,0.116279070,3,False,0.584852042,0.431774272,0.647074323,0.863636364,0.396923209,0.344298423,False,False,,,,,False,False,0.569972413,0.584852042,False,False,False
60.000000000,-1,subject3,office,red,4,office_stress,40.350030979,,75.235109718,,0.175000000,3,False,0.613466865,0.446872468,0.800638000,0.926829268,0.279527722,0.351092611,False,False,,,,,False,False,0.614853974,0.613466865,False,False,False
60.000000000,-1,subject4,office,ir,0,office_stress,34.006461062,,69.565217391,,0.480769231,13,False,0.485940701,0.448604818,0.362934161,0.830188679,0.302035146,0.351872168,False,False,,,,,False,False,0.492536265,0.485940701,False,False,False
60.000000000,-1,subject4,office,red,0,office_stress,34.006461062,,69.565217391,,0.191489362,4,False,0.653420755,0.262888803,0.806231292,0.916666667,0.627896258,0.268299961,False,False,,,,,False,False,0.656532962,0.653420755,False,False,False
60.000000000,-1,subject4,office,ir,1,office_stress,31.935136467,,72.289156627,,0.697368421,37,False,0.419107009,0.219916435,0.367879441,0.909090909,0.179541249,0.248962396,False,False,87.167758113,,86.651735246,,True,False,0.373458637,0.419107009,False,False,False
60.000000000,-1,subject4,office,red,1,office_stress,31.935136467,,72.289156627,,0.627450980,25,False,0.365947730,0.080428570,0.196544645,0.742857143,0.443960563,0.186192856,False,False,116.952591761,,62.227844666,,True,False,0.388266333,0.36594773,False,False,False
60.000000000,-1,subject4,office,ir,2,office_stress,35.543400700,80.584370569,61.538461538,59.714360503,0.727272727,32,True,0.467423742,0.383351949,0.200598153,0.750000000,0.535744867,0.322508377,False,False,61.872602019,80.584370569,59.830927558,59.714360503,True,True,0.464736187,0.467423742,False,False,False
60.000000000,-1,subject4,office,red,2,office_stress,35.543400700,,61.538461538,,0.625000000,24,False,0.404127176,0.415684324,0.200598153,0.736842105,0.263384121,0.337057946,False,False,,,,,False,False,0.400811202,0.404127176,False,False,False
60.000000000,-1,subject4,office,ir,3,office_stress,37.805168552,111.964012359,70.588235294,70.626202160,0.884057971,53,True,0.628114569,0.276171902,0.758112811,0.972222222,0.505951340,0.274277356,False,False,122.407318081,111.964012359,70.895582254,70.62620216,True,True,0.634763791,0.628114569,True,False,False
60.000000000,-1,subject4,office,red,3,office_stress,37.805168552,87.839949181,70.588235294,78.474464472,0.810810811,48,True,0.476076164,0.261255000,0.423342190,0.906666667,0.313040801,0.267564750,False,False,69.399735648,87.839949181,83.751392314,78.474464472,True,True,0.524346227,0.476076164,False,False,False
60.000000000,-1,subject4,office,ir,4,office_stress,71.428174602,44.925710846,75.471698113,98.977925038,0.875000000,76,True,0.300361456,0.271522710,0.007727161,0.515463918,0.406732035,0.272185219,False,False,52.116313317,44.925710846,102.406759156,98.977925038,True,True,0.284369218,0.300361456,False,False,False
60.000000000,-1,subject4,office,red,4,office_stress,71.428174602,,75.471698113,,0.375000000,12,False,0.509073200,0.350296253,0.421108455,0.816326531,0.448561561,0.307633314,False,False,,,,,False,False,0.534877831,0.5090732,False,False,False
60.000000000,-1,subject5,office,ir,0,office_stress,31.487265945,,100.840336134,,0.358974359,10,False,0.717271878,0.497861165,1.000000000,0.833333333,0.537893015,0.374037524,False,False,,,,,False,False,0.705600555,0.717271878,False,False,False
60.000000000,-1,subject5,office,red,0,office_stress,31.487265945,28.758252859,100.840336134,96.808991766,0.933333333,78,True,0.747275235,0.608101948,0.932141856,0.928571429,0.520285707,0.423645877,True,False,84.357463839,28.758252859,95.320786987,96.808991766,True,True,0.661838101,0.747275235,False,False,False
60.000000000,-1,subject5,office,ir,1,office_stress,33.423567007,,91.954022989,,0.480000000,18,False,0.523122237,0.246353281,0.682079748,0.910714286,0.253341631,0.260858977,False,False,,,,,False,False,0.51246616,0.523122237,False,False,False
60.000000000,-1,subject5,office,red,1,office_stress,33.423567007,,91.954022989,,0.437500000,14,False,0.457781854,0.371676627,0.307322955,0.816326531,0.335801303,0.317254482,False,False,,,,,False,False,0.431098873,0.457781854,False,False,False
60.000000000,-1,subject5,office,ir,2,office_stress,34.254115730,111.559886702,98.199672668,76.798551514,0.791044776,40,True,0.520077233,0.321793668,0.367879441,0.911764706,0.478871118,0.294807151,False,False,98.946624162,111.559886702,78.820050457,76.798551514,True,True,0.471618933,0.520077233,False,False,False
60.000000000,-1,subject5,office,red,2,office_stress,34.254115730,73.918479927,98.199672668,84.461985969,0.779220779,48,True,0.524958242,0.270425376,0.457573303,0.948717949,0.423116338,0.271691419,False,False,76.474557254,73.918479927,83.952400583,84.461985969,True,True,0.533866762,0.524958242,True,False,False
60.000000000,-1,subject5,office,ir,3,office_stress,22.212699980,114.690065060,100.334448161,71.276753674,0.703125000,32,True,0.526565315,0.235062034,0.424372846,0.923076923,0.523749457,0.255777915,False,False,104.37485544,114.69006506,76.463008152,71.276753674,True,True,0.46856649,0.526565315,False,False,False
60.000000000,-1,subject5,office,red,3,office_stress,22.212699980,,100.334448161,,0.173913043,6,False,0.519998569,0.293075186,0.478622973,0.851063830,0.457232287,0.281883834,False,False,,,,,False,False,0.506047557,0.519998569,False,False,False
60.000000000,-1,subject5,office,ir,4,office_stress,42.020717994,147.824576360,81.911262799,68.585373310,0.754098361,37,True,0.615698127,0.421536029,0.651439058,0.967741935,0.422075487,0.339691213,False,False,136.174094753,147.82457636,68.286858641,68.58537331,True,True,0.595823006,0.615698127,True,False,False
60.000000000,-1,subject5,office,red,4,office_stress,42.020717994,102.634798900,81.911262799,65.196002766,0.737704918,33,True,0.628669381,0.508466171,0.665713054,0.935483871,0.405014429,0.378809777,False,False,134.337716068,102.6347989,65.499007148,65.196002766,True,True,0.6192705,0.628669381,False,False,False
60.000000000,-1,subject6,office,ir,0,office_stress,78.160196990,70.157539514,60.759493671,60.644644585,1.000000000,59,True,0.890936234,0.996359535,0.818730753,0.983870968,0.764783679,0.598361791,True,True,71.472522814,70.157539514,60.756579772,60.644644585,True,True,0.89545201,0.890936234,True,True,True
60.000000000,-1,subject6,office,red,0,office_stress,78.160196990,104.334649846,60.759493671,63.395155617,0.822580645,41,True,0.731253240,0.440995081,0.954895044,0.984126984,0.544995851,0.348447786,True,False,121.752400138,104.334649846,63.221390623,63.395155617,True,True,0.734436934,0.73125324,False,False,False
60.000000000,-1,subject6,office,ir,1,office_stress,77.136243103,,62.015503876,,0.685185185,27,False,0.477074167,0.505676529,0.299257278,0.836363636,0.266999224,0.377554438,False,False,115.091877088,,63.220449448,,True,False,0.47274537,0.477074167,False,False,False
60.000000000,-1,subject6,office,red,1,office_stress,77.136243103,,62.015503876,,0.666666667,27,False,0.535302887,0.421621569,0.474518561,0.906250000,0.338821419,0.339729706,False,False,126.324457451,,67.247556905,,True,False,0.524479219,0.535302887,False,False,False
60.000000000,-1,subject6,office,ir,2,office_stress,106.800046816,81.135396949,57.142857143,56.745385695,1.000000000,56,True,0.836508202,1.000000000,0.798516219,0.931034483,0.616482107,0.752347215,True,True,80.007014516,81.135396949,56.811616952,56.745385695,True,True,0.835869516,0.836508202,True,True,True
60.000000000,-1,subject6,office,red,2,office_stress,106.800046816,95.381321064,57.142857143,57.278128684,0.896551724,47,True,0.806580360,1.000000000,0.730310338,0.915254237,0.580756866,0.602136879,True,True,113.226345007,95.381321064,57.484225162,57.278128684,True,True,0.788624307,0.80658036,False,False,False
60.000000000,-1,subject6,office,ir,3,office_stress,67.721857624,67.462130179,61.224489796,61.021933889,0.966101695,54,True,0.864521897,0.922281536,1.000000000,1.000000000,0.535806053,0.565026691,True,True,65.096487638,67.462130179,61.253986956,61.021933889,True,True,0.858574723,0.864521897,True,True,True
60.000000000,-1,subject6,office,red,3,office_stress,67.721857624,112.327482035,61.224489796,63.467766213,0.819672131,43,True,0.553543614,0.088775200,0.729212953,0.967741935,0.428444368,0.189948840,False,False,112.094176182,112.327482035,64.794050542,63.467766213,True,True,0.519181934,0.553543614,True,False,False
60.000000000,-1,subject6,office,ir,4,office_stress,71.090408311,44.938056259,53.333333333,53.727961005,1.000000000,51,True,0.863165062,1.000000000,0.841024634,0.981132075,0.630503539,0.761782310,True,True,42.787187849,44.938056259,53.803824498,53.727961005,True,True,0.877306397,0.863165062,True,True,True
60.000000000,-1,subject6,office,red,4,office_stress,71.090408311,126.683005380,53.333333333,55.531827596,0.946428571,50,True,0.780419686,0.898571645,0.743651174,0.912280702,0.567175222,0.554357240,True,True,129.291648049,126.68300538,55.844495324,55.531827596,True,True,0.787148937,0.780419686,True,True,True
60.000000000,-1,subject7,office,ir,0,office_stress,22.072324300,76.357948990,80.536912752,75.547278109,0.917808219,62,True,0.737581180,0.868495886,0.606530660,0.945945946,0.529352229,0.540823149,True,False,76.980791548,76.35794899,77.491080193,75.547278109,True,True,0.735614134,0.73758118,True,True,False
60.000000000,-1,subject7,office,red,0,office_stress,22.072324300,71.957995438,80.536912752,78.115040380,0.890410959,58,True,0.688949268,0.817068468,0.517071318,0.945945946,0.475711338,0.517680811,True,False,73.296873241,71.957995438,77.855033638,78.11504038,True,True,0.715694131,0.688949268,True,True,False
60.000000000,-1,subject7,office,ir,1,office_stress,29.181630653,,76.190476190,,0.681159420,35,False,0.707145397,0.565493220,1.000000000,0.972222222,0.290866144,0.404471949,False,False,71.642612469,,75.64172014,,True,False,0.604480081,0.707145397,False,False,False
60.000000000,-1,subject7,office,red,1,office_stress,29.181630653,,76.190476190,,0.093023256,0,False,0.322115489,0.305977552,0.067205513,0.611111111,0.304167782,0.287689898,False,False,,,,,False,False,0.331561922,0.322115489,False,False,False
60.000000000,-1,subject7,office,ir,2,office_stress,31.055379884,52.562404319,71.005917160,71.477630256,0.915492958,59,True,0.705026478,0.546923156,0.818730753,0.972222222,0.482229779,0.396115420,True,False,55.834415163,52.562404319,71.553825224,71.477630256,True,True,0.705330263,0.705026478,True,True,False
60.000000000,-1,subject7,office,red,2,office_stress,31.055379884,60.931487838,71.005917160,72.047855170,0.897058824,55,True,0.734046677,0.571587784,0.879226380,0.985714286,0.499658257,0.407214503,True,False,54.183061207,60.931487838,73.224172161,72.04785517,True,True,0.720008874,0.734046677,False,False,False
60.000000000,-1,subject7,office,ir,3,office_stress,15.442899536,,90.225563910,,0.679245283,27,False,0.433199720,0.454617175,0.122255844,0.703703704,0.452222157,0.354577729,False,False,118.834032958,,69.619808966,,True,False,0.407591327,0.43319972,False,False,False
60.000000000,-1,subject7,office,red,3,office_stress,15.442899536,,90.225563910,,0.740740741,29,False,0.427569561,0.473024884,0.116436034,0.690909091,0.429908237,0.362861198,False,False,115.886765,,65.616254107,,True,False,0.407938981,0.427569561,False,False,False
60.000000000,-1,subject7,office,ir,4,office_stress,21.262941378,54.574883571,71.641791045,71.638085484,0.986111111,69,True,0.885580413,1.000000000,1.000000000,0.986301370,0.556020281,0.606881196,True,True,59.679129791,54.574883571,71.732982721,71.638085484,True,True,0.87979068,0.885580413,True,True,True
60.000000000,-1,subject7,office,red,4,office_stress,21.262941378,50.309734064,71.641791045,71.766674008,0.972222222,67,True,0.863684920,0.900382432,1.000000000,0.986301370,0.568055879,0.555172094,True,True,57.073798891,50.309734064,71.932162563,71.766674008,True,True,0.851553717,0.86368492,False,False,False
60.000000000,-1,subject8,office,ir,0,office_stress,17.994309676,24.385197832,88.235294118,87.205593667,0.988095238,81,True,0.837076057,0.849241635,0.980676936,0.965909091,0.552476566,0.532158736,True,True,23.841600614,24.385197832,87.018575336,87.205593667,True,True,0.792731693,0.837076057,True,True,True
60.000000000,-1,subject8,office,red,0,office_stress,17.994309676,27.927080701,88.235294118,87.921495087,0.975903614,78,True,0.600942191,0.467216538,0.533353190,0.913043478,0.490155559,0.360247442,False,False,29.440255484,27.927080701,88.423728162,87.921495087,True,True,0.606445443,0.600942191,True,False,False
60.000000000,-1,subject8,office,ir,1,office_stress,11.807754948,25.488701737,78.431372549,78.019887667,0.960000000,68,True,0.827192750,1.000000000,0.974250369,0.974358974,0.360161658,0.764786335,True,True,27.496159203,25.488701737,77.88380533,78.019887667,True,True,0.825195706,0.82719275,True,True,True
60.000000000,-1,subject8,office,red,1,office_stress,11.807754948,26.858336344,78.431372549,78.275602572,0.920000000,64,True,0.837865425,1.000000000,0.974250369,0.974358974,0.402852359,0.704973574,True,True,29.568535829,26.858336344,78.41128077,78.275602572,True,True,0.833049912,0.837865425,True,True,True
60.000000000,-1,subject8,office,ir,2,office_stress,48.079067942,95.120747370,89.552238806,72.924495388,0.797101449,44,True,0.520434412,0.314412746,0.367879441,0.885714286,0.513731176,0.291485736,False,False,107.946335844,95.12074737,72.120113342,72.924495388,True,True,0.516658539,0.520434412,False,False,False
60.000000000,-1,subject8,office,red,2,office_stress,48.079067942,100.429826488,89.552238806,71.515845546,0.779411765,42,True,0.482328931,0.326325904,0.304132669,0.840579710,0.458277442,0.296846657,False,False,110.010529502,100.429826488,72.106034841,71.515845546,True,True,0.477071745,0.482328931,True,False,False
60.000000000,-1,subject8,office,ir,3,office_stress,19.512121657,,85.409252669,,0.387755102,12,False,0.596397818,0.511823060,0.475752678,0.880000000,0.518015532,0.380320377,False,False,,,,,False,False,0.507213897,0.596397818,False,False,False
60.000000000,-1,subject8,office,red,3,office_stress,19.512121657,,85.409252669,,0.265306122,8,False,0.657254818,0.518738750,0.759325549,0.880000000,0.470954973,0.383432437,False,False,,,,,False,False,0.566543005,0.657254818,False,False,False
60.000000000,-1,subject8,office,ir,4,office_stress,18.243149399,,81.632653061,,0.688524590,33,False,0.481106796,0.565320582,0.057293135,0.774193548,0.527619921,0.404394262,False,False,49.853396636,,80.508322798,,True,False,0.46793759,0.481106796,False,False,False
60.000000000,-1,subject8,office,red,4,office_stress,18.243149399,66.020172765,81.632653061,78.154010568,0.793650794,40,True,0.488488408,0.570068099,0.067205513,0.750000000,0.566680020,0.406530645,False,False,68.573386934,66.020172765,79.495747217,78.154010568,True,True,0.478112128,0.488488408,True,False,False
60.000000000,-1,subject9,office,ir,0,office_stress,27.967788313,,87.591240876,,0.470588235,16,False,0.627425168,0.367787423,0.717841239,0.884615385,0.539456626,0.315504340,False,False,161.460141991,,65.084766411,,True,False,0.494008874,0.627425168,False,False,False
60.000000000,-1,subject9,office,red,0,office_stress,27.967788313,,87.591240876,,0.460000000,14,False,0.652557349,0.407872084,0.693837676,0.901960784,0.606558851,0.333542438,False,False,,,,,False,False,0.516609827,0.652557349,False,False,False
60.000000000,-1,subject9,office,ir,1,office_stress,31.238619549,62.505031615,81.081081081,76.113312619,0.803030303,43,True,0.468047286,0.435732010,0.203866225,0.805970149,0.426620760,0.346079405,False,False,72.705316435,62.505031615,74.710728476,76.113312619,True,True,0.476711552,0.468047286,False,False,False
60.000000000,-1,subject9,office,red,1,office_stress,31.238619549,91.293149630,81.081081081,73.653814273,0.809523810,41,True,0.446791907,0.437035419,0.218039962,0.843750000,0.288342248,0.346665938,False,False,92.041406825,91.29314963,73.286930007,73.653814273,True,True,0.451003297,0.446791907,True,False,False
60.000000000,-1,subject9,office,ir,2,office_stress,34.600397397,89.013183751,82.191780822,83.126525413,0.987500000,77,True,0.725194685,0.478754828,0.803979250,0.964285714,0.653758945,0.365439673,True,False,93.854494084,89.013183751,83.058722382,83.126525413,True,True,0.725684605,0.725194685,True,True,False
60.000000000,-1,subject9,office,red,2,office_stress,34.600397397,89.408890978,82.191780822,82.754539398,0.987500000,77,True,0.696032149,0.431056090,0.803979250,0.964285714,0.584807540,0.343975240,True,False,95.304695202,89.408890978,82.761285835,82.754539398,True,True,0.696143881,0.696032149,True,True,False
60.000000000,-1,subject9,office,ir,3,office_stress,17.487073878,105.412945859,89.552238806,73.596185505,0.753846154,37,True,0.456580481,0.115024333,0.325277400,0.878787879,0.507232314,0.201760950,False,False,122.570464104,105.412945859,76.428857316,73.596185505,True,True,0.452328417,0.456580481,False,False,False
60.000000000,-1,subject9,office,red,3,office_stress,17.487073878,93.321346134,89.552238806,77.343353955,0.776119403,40,True,0.433332888,0.082185072,0.246596964,0.852941176,0.551608341,0.186983282,False,False,106.96871189,93.321346134,77.199959103,77.343353955,True,True,0.410986203,0.433332888,False,False,False
60.000000000,-1,subject9,office,ir,4,office_stress,29.317122486,70.649125641,80.000000000,80.538315388,0.897435897,63,True,0.621215635,0.319138064,0.915841387,0.987500000,0.262383091,0.293612129,False,False,53.904269285,70.649125641,81.771572878,80.538315388,True,True,0.638980597,0.621215635,False,False,False
60.000000000,-1,subject9,office,red,4,office_stress,29.317122486,50.837336904,80.000000000,81.642916521,0.844155844,56,True,0.677735840,0.321180252,1.000000000,0.975000000,0.414763107,0.294531113,True,False,53.154934217,50.837336904,82.401408462,81.642916521,True,True,0.63880917,0.67773584,True,False,False
